"username","payroll_id","fname","lname","number","group","local_date","local_day","local_start_time","local_end_time","tz","hours","jobcode_1","jobcode_2","jobcode_3","on call status","location","notes","approved_status"
adam.arita@uhc.com,,Adam,Arita,0,"Anesthesia - PAC",2018-06-16,Sat,"2018-06-16 06:23:43","2018-06-16 15:03:11",-7.0,8.66,UMC,Scheduled,"Scheduled 8 hrs.",,"TSheets iPhone App","Scheduled 6-16-18, Saturday, 0700-1400",unapproved
adam.arita@uhc.com,,Adam,Arita,0,"Anesthesia - PAC",2018-06-17,Sun,"2018-06-17 08:16:48","2018-06-17 16:28:29",-7.0,8.19,UMC,Scheduled,"Scheduled 8 hrs.",,"TSheets iPhone App","Scheduled for endos on Sunday. 0900 start",unapproved
avollers@me.com,,Agata,Vollers,0,"Anesthesia - Independent",2018-06-11,Mon,"2018-06-11 06:55:45","2018-06-11 15:47:38",-7.0,8.86,UMC,Scheduled,"Scheduled 8 hrs.",,"TSheets iPhone App",,unapproved
avollers@me.com,,Agata,Vollers,0,"Anesthesia - Independent",2018-06-26,Tue,"2018-06-26 15:29:40","2018-06-26 17:51:00",-7.0,2.36,UMC,Scheduled,"Scheduled 8 hrs.",,"TSheets iPhone App",,unapproved
agrigore.md@gmail.com,,Alina,Grigore,0,"Anesthesia - Independent",2018-05-31,Thu,"2018-05-31 07:05:00","2018-05-31 23:50:00",-7.0,16.75,UMC,Scheduled,"Scheduled 12 hrs.",,"TSheets iPhone App",,unapproved
agrigore.md@gmail.com,,Alina,Grigore,0,"Anesthesia - Independent",2018-06-01,Fri,"2018-06-01 14:00:00","2018-06-01 17:02:00",-7.0,3.03,UMC,Scheduled,"Scheduled 8 hrs.",,"(Las Vegas, NV?)",,unapproved
agrigore.md@gmail.com,,Alina,Grigore,0,"Anesthesia - Independent",2018-06-04,Mon,"2018-06-04 09:30:00","2018-06-04 14:59:00",-7.0,5.48,UMC,Scheduled,"Scheduled 8 hrs.",,"TSheets iPhone App",,unapproved
atzhou@gmail.com,,Anthony,Zhou,0,"Anesthesia - Independent",2018-06-01,Fri,"2018-06-01 07:00:00","2018-06-01 14:44:00",-7.0,7.73,UMC,Scheduled,"Scheduled 8 hrs.",,"(Las Vegas, NV?)",,unapproved
atzhou@gmail.com,,Anthony,Zhou,0,"Anesthesia - Independent",2018-06-04,Mon,"2018-06-04 04:00:00","2018-06-04 21:52:00",-7.0,17.87,UMC,Scheduled,"Scheduled 8 hrs.",,"(Las Vegas, NV?)","called in to help cover cases",unapproved
atzhou@gmail.com,,Anthony,Zhou,0,"Anesthesia - Independent",2018-06-06,Wed,"2018-06-06 17:32:00","2018-06-06 20:43:00",-7.0,3.18,UMC,Scheduled,"Scheduled 8 hrs.",,"(Las Vegas, NV?)","called to help with evening cases for UAC group meeting",unapproved
atzhou@gmail.com,,Anthony,Zhou,0,"Anesthesia - Independent",2018-06-07,Thu,"2018-06-07 13:00:00","2018-06-07 19:09:00",-7.0,6.15,UMC,Scheduled,"Scheduled 8 hrs.",,"(Las Vegas, NV?)",,unapproved
atzhou@gmail.com,,Anthony,Zhou,0,"Anesthesia - Independent",2018-06-09,Sat,"2018-06-09 07:00:00","2018-06-09 14:54:00",-7.0,7.90,UMC,Scheduled,"Scheduled 8 hrs.",,"(Las Vegas, NV?)",,unapproved
atzhou@gmail.com,,Anthony,Zhou,0,"Anesthesia - Independent",2018-06-11,Mon,"2018-06-11 18:00:00","2018-06-11 19:20:00",-7.0,1.33,UMC,Scheduled,"Scheduled 8 hrs.",,"(Las Vegas, NV?)","called for help-1 case",unapproved
atzhou@gmail.com,,Anthony,Zhou,0,"Anesthesia - Independent",2018-06-12,Tue,"2018-06-12 12:00:00","2018-06-12 18:39:00",-7.0,6.65,UMC,Scheduled,"Scheduled 8 hrs.",,"(Las Vegas, NV?)","called in to help w/cases",unapproved
atzhou@gmail.com,,Anthony,Zhou,0,"Anesthesia - Independent",2018-06-15,Fri,"2018-06-15 11:40:00","2018-06-15 12:07:00",-7.0,0.45,UMC,Scheduled,"Scheduled 8 hrs.",,"TSheets iPhone App","Endo 3 ",unapproved
atzhou@gmail.com,,Anthony,Zhou,0,"Anesthesia - Independent",2018-06-16,Sat,"2018-06-16 07:00:00","2018-06-17 02:05:00",-7.0,19.08,UMC,Scheduled,"Scheduled 8 hrs.",,"(Las Vegas, NV?)",,unapproved
atzhou@gmail.com,,Anthony,Zhou,0,"Anesthesia - Independent",2018-06-17,Sun,"2018-06-17 07:30:00","2018-06-17 14:50:00",-7.0,7.33,UMC,Scheduled,"Scheduled 8 hrs.",,"(Las Vegas, NV?)",,unapproved
atzhou@gmail.com,,Anthony,Zhou,0,"Anesthesia - Independent",2018-06-18,Mon,"2018-06-18 07:00:00","2018-06-18 19:28:00",-7.0,12.47,UMC,Scheduled,"Scheduled 8 hrs.",,"(Las Vegas, NV?)",,unapproved
atzhou@gmail.com,,Anthony,Zhou,0,"Anesthesia - Independent",2018-06-19,Tue,"2018-06-19 07:00:00","2018-06-19 21:07:00",-7.0,14.12,UMC,Scheduled,"Scheduled 12 hrs.",,"(Las Vegas, NV?)",,unapproved
atzhou@gmail.com,,Anthony,Zhou,0,"Anesthesia - Independent",2018-06-20,Wed,"2018-06-20 07:00:00","2018-06-20 17:36:00",-7.0,10.60,UMC,Scheduled,"Scheduled 12 hrs.",,"(Las Vegas, NV?)",,unapproved
atzhou@gmail.com,,Anthony,Zhou,0,"Anesthesia - Independent",2018-06-21,Thu,"2018-06-21 08:34:54","2018-06-21 22:16:15",-7.0,13.69,UMC,Scheduled,"Scheduled 8 hrs.",,"TSheets iPhone App",,unapproved
atzhou@gmail.com,,Anthony,Zhou,0,"Anesthesia - Independent",2018-06-22,Fri,"2018-06-22 06:36:00","2018-06-22 10:32:18",-7.0,3.94,UMC,Scheduled,"Scheduled 8 hrs.",,"TSheets iPhone App",,unapproved
atzhou@gmail.com,,Anthony,Zhou,0,"Anesthesia - Independent",2018-06-23,Sat,"2018-06-23 06:42:59","2018-06-23 19:59:02",-7.0,13.27,UMC,Scheduled,"Scheduled 8 hrs.",,"TSheets iPhone App",,unapproved
atzhou@gmail.com,,Anthony,Zhou,0,"Anesthesia - Independent",2018-06-24,Sun,"2018-06-24 06:47:21","2018-06-24 09:12:17",-7.0,2.42,UMC,Scheduled,"Scheduled 8 hrs.",,"TSheets iPhone App",,unapproved
atzhou@gmail.com,,Anthony,Zhou,0,"Anesthesia - Independent",2018-06-24,Sun,"2018-06-24 14:26:37","2018-06-24 19:20:12",-7.0,4.89,UMC,Scheduled,"Scheduled 8 hrs.",,"TSheets iPhone App",,unapproved
atzhou@gmail.com,,Anthony,Zhou,0,"Anesthesia - Independent",2018-06-25,Mon,"2018-06-25 14:28:44","2018-06-26 08:59:41",-7.0,18.52,UMC,Scheduled,"Scheduled 8 hrs.",,"TSheets iPhone App",,unapproved
atzhou@gmail.com,,Anthony,Zhou,0,"Anesthesia - Independent",2018-06-26,Tue,"2018-06-26 16:18:46","2018-06-26 18:25:00",-7.0,2.10,UMC,Scheduled,"Scheduled 8 hrs.",,"TSheets iPhone App",,unapproved
badrangi@aol.com,,Bahbak,Adrangi,0,"Anesthesia - Independent",2018-06-07,Thu,"2018-06-07 07:00:00","2018-06-07 16:47:00",-7.0,9.78,UMC,Scheduled,"Scheduled 8 hrs.",,"(Las Vegas, NV?)",,unapproved
badrangi@aol.com,,Bahbak,Adrangi,0,"Anesthesia - Independent",2018-06-08,Fri,"2018-06-08 06:45:00","2018-06-08 16:56:00",-7.0,10.18,UMC,Scheduled,"Scheduled 8 hrs.",,"(Las Vegas, NV?)",,unapproved
badrangi@aol.com,,Bahbak,Adrangi,0,"Anesthesia - Independent",2018-06-12,Tue,"2018-06-12 07:30:00","2018-06-12 15:02:00",-7.0,7.53,UMC,Scheduled,"Scheduled 8 hrs.",,"(Las Vegas, NV?)",,unapproved
badrangi@aol.com,,Bahbak,Adrangi,0,"Anesthesia - Independent",2018-06-13,Wed,"2018-06-13 06:42:00","2018-06-13 11:28:00",-7.0,4.77,UMC,Scheduled,"Scheduled 8 hrs.",,"(Las Vegas, NV?)",,unapproved
badrangi@aol.com,,Bahbak,Adrangi,0,"Anesthesia - Independent",2018-06-14,Thu,"2018-06-14 06:55:00","2018-06-14 17:59:00",-7.0,11.07,UMC,Scheduled,"Scheduled 8 hrs.",,"(Las Vegas, NV?)",,unapproved
badrangi@aol.com,,Bahbak,Adrangi,0,"Anesthesia - Independent",2018-06-15,Fri,"2018-06-15 07:30:00","2018-06-15 12:36:00",-7.0,5.10,UMC,Scheduled,"Scheduled 8 hrs.",,"(Las Vegas, NV?)",,unapproved
badrangi@aol.com,,Bahbak,Adrangi,0,"Anesthesia - Independent",2018-06-18,Mon,"2018-06-18 07:00:00","2018-06-18 17:28:00",-7.0,10.47,UMC,Scheduled,"Scheduled 8 hrs.",,"(Las Vegas, NV?)",,unapproved
badrangi@aol.com,,Bahbak,Adrangi,0,"Anesthesia - Independent",2018-06-19,Tue,"2018-06-19 06:48:00","2018-06-19 19:29:00",-7.0,12.68,UMC,Scheduled,"Scheduled 12 hrs.",,"(Las Vegas, NV?)",,unapproved
badrangi@aol.com,,Bahbak,Adrangi,0,"Anesthesia - Independent",2018-06-21,Thu,"2018-06-21 06:44:00","2018-06-21 18:39:00",-7.0,11.92,UMC,Scheduled,"Scheduled 8 hrs.",,"(Las Vegas, NV?)",,unapproved
badrangi@aol.com,,Bahbak,Adrangi,0,"Anesthesia - Independent",2018-06-25,Mon,"2018-06-25 06:48:00","2018-06-25 16:37:00",-7.0,9.82,UMC,Scheduled,"Scheduled 8 hrs.",,"(Las Vegas, NV?)",,unapproved
badrangi@aol.com,,Bahbak,Adrangi,0,"Anesthesia - Independent",2018-06-26,Tue,"2018-06-26 08:48:00","2018-06-26 17:04:00",-7.0,8.27,UMC,Scheduled,"Scheduled 8 hrs.",,"(Las Vegas, NV?)",,unapproved
badrangi@aol.com,,Bahbak,Adrangi,0,"Anesthesia - Independent",2018-06-27,Wed,"2018-06-27 07:48:00","2018-06-27 11:42:00",-7.0,3.90,UMC,Scheduled,"Scheduled 8 hrs.",,"(Las Vegas, NV?)",,unapproved
barry.ewell@optum.com,,Barry,Ewell,0,"Anesthesia - AAC",2018-06-04,Mon,"2018-06-04 07:11:00","2018-06-04 23:03:30",-7.0,15.88,UMC,"On Call",OR1,,"TSheets iPhone App",,unapproved
barry.ewell@optum.com,,Barry,Ewell,0,"Anesthesia - AAC",2018-06-05,Tue,"2018-06-05 17:00:00","2018-06-05 18:26:20",-7.0,1.44,UMC,"On Call",T2,,"TSheets iPhone App",,unapproved
barry.ewell@optum.com,,Barry,Ewell,0,"Anesthesia - AAC",2018-06-06,Wed,"2018-06-06 07:00:00","2018-06-07 07:16:00",-7.0,24.27,UMC,"On Call",T1,,"TSheets iPhone App",,unapproved
barry.ewell@optum.com,,Barry,Ewell,0,"Anesthesia - AAC",2018-06-08,Fri,"2018-06-08 18:57:30","2018-06-08 21:12:00",-7.0,2.24,UMC,"On Call",T2,,"TSheets iPhone App",,unapproved
barry.ewell@optum.com,,Barry,Ewell,0,"Anesthesia - AAC",2018-06-09,Sat,"2018-06-09 00:07:57","2018-06-09 03:31:08",-7.0,3.39,UMC,"On Call",T2,,"TSheets iPhone App",,unapproved
barry.ewell@optum.com,,Barry,Ewell,0,"Anesthesia - AAC",2018-06-09,Sat,"2018-06-09 07:00:00","2018-06-09 12:00:00",-7.0,5.00,UMC,"On Call",T1,,"TSheets iPhone App",,unapproved
barry.ewell@optum.com,,Barry,Ewell,0,"Anesthesia - AAC",2018-06-09,Sat,"2018-06-09 15:00:00","2018-06-10 07:00:00",-7.0,16.00,UMC,"On Call",T1,,"TSheets iPhone App",,unapproved
barry.ewell@optum.com,,Barry,Ewell,0,"Anesthesia - AAC",2018-06-11,Mon,"2018-06-11 06:41:41","2018-06-11 17:37:33",-7.0,10.93,UMC,Scheduled,"Scheduled 8 hrs.",,"TSheets iPhone App",,unapproved
barry.ewell@optum.com,,Barry,Ewell,0,"Anesthesia - AAC",2018-06-12,Tue,"2018-06-12 07:01:28","2018-06-12 16:35:00",-7.0,9.56,UMC,Scheduled,"Scheduled 8 hrs.",,"TSheets iPhone App",,unapproved
barry.ewell@optum.com,,Barry,Ewell,0,"Anesthesia - AAC",2018-06-13,Wed,"2018-06-13 08:45:00","2018-06-14 00:39:30",-7.0,15.91,UMC,"On Call",OR1,,"TSheets iPhone App",,unapproved
barry.ewell@optum.com,,Barry,Ewell,0,"Anesthesia - AAC",2018-06-14,Thu,"2018-06-14 06:55:06","2018-06-15 00:29:02",-7.0,17.57,UMC,"On Call",T3,,"TSheets iPhone App",,unapproved
barry.ewell@optum.com,,Barry,Ewell,0,"Anesthesia - AAC",2018-06-15,Fri,"2018-06-15 07:15:00","2018-06-15 13:12:37",-7.0,5.96,UMC,"On Call",T2,,"TSheets iPhone App",,unapproved
barry.ewell@optum.com,,Barry,Ewell,0,"Anesthesia - AAC",2018-06-16,Sat,"2018-06-16 01:00:00","2018-06-16 05:00:00",-7.0,4.00,UMC,"On Call",T2,,"TSheets iPhone App",,unapproved
barry.ewell@optum.com,,Barry,Ewell,0,"Anesthesia - AAC",2018-06-16,Sat,"2018-06-16 07:00:00","2018-06-17 07:00:00",-7.0,24.00,UMC,"On Call",T1,,"TSheets iPhone App",,unapproved
barry.ewell@optum.com,,Barry,Ewell,0,"Anesthesia - AAC",2018-06-18,Mon,"2018-06-18 06:40:00","2018-06-19 00:23:22",-7.0,17.72,UMC,"On Call",OR1,,"TSheets iPhone App",,unapproved
barry.ewell@optum.com,,Barry,Ewell,0,"Anesthesia - AAC",2018-06-19,Tue,"2018-06-19 07:50:00","2018-06-20 00:06:57",-7.0,16.28,UMC,"On Call",T3,,"TSheets iPhone App",,unapproved
barry.ewell@optum.com,,Barry,Ewell,0,"Anesthesia - AAC",2018-06-20,Wed,"2018-06-20 06:46:33","2018-06-20 16:50:51",-7.0,10.07,UMC,Scheduled,"Scheduled 8 hrs.",,"TSheets iPhone App",,unapproved
barry.ewell@optum.com,,Barry,Ewell,0,"Anesthesia - AAC",2018-06-21,Thu,"2018-06-21 07:50:48","2018-06-21 18:02:57",-7.0,10.20,UMC,Scheduled,"Scheduled 8 hrs.",,"TSheets iPhone App",,unapproved
barry.ewell@optum.com,,Barry,Ewell,0,"Anesthesia - AAC",2018-06-22,Fri,"2018-06-22 07:15:00","2018-06-22 16:18:24",-7.0,9.06,UMC,Scheduled,"Scheduled 8 hrs.",,"TSheets iPhone App",,unapproved
barry.ewell@optum.com,,Barry,Ewell,0,"Anesthesia - AAC",2018-06-26,Tue,"2018-06-26 08:45:00","2018-06-26 12:35:00",-7.0,3.83,UMC,Vacation,,,"TSheets iPhone App",,unapproved
barry.ewell@optum.com,,Barry,Ewell,0,"Anesthesia - AAC",2018-06-27,Wed,"2018-06-27 06:50:00","2018-06-27 15:52:38",-7.0,9.04,UMC,Vacation,,,"TSheets iPhone App",,unapproved
barry.ewell@optum.com,,Barry,Ewell,0,"Anesthesia - AAC",2018-06-28,Thu,"2018-06-28 06:50:00","2018-06-28 14:29:00",-7.0,7.65,UMC,Vacation,,,"TSheets iPhone App",,unapproved
btisminezky@cox.net,,Bernardo,Tisminezky,0,"Anesthesia - Independent",2018-05-31,Thu,"2018-05-31 09:30:00","2018-05-31 13:28:00",-7.0,3.97,UMC,Scheduled,"Scheduled 8 hrs.",,"(Las Vegas, NV?)",,unapproved
btisminezky@cox.net,,Bernardo,Tisminezky,0,"Anesthesia - Independent",2018-06-01,Fri,"2018-06-01 07:00:00","2018-06-01 16:57:00",-7.0,9.95,UMC,Scheduled,"Scheduled 8 hrs.",,"(Las Vegas, NV?)",,unapproved
btisminezky@cox.net,,Bernardo,Tisminezky,0,"Anesthesia - Independent",2018-06-02,Sat,"2018-06-02 07:00:00","2018-06-02 12:06:00",-7.0,5.10,UMC,Scheduled,"Scheduled 8 hrs.",,"(Las Vegas, NV?)",,unapproved
brian.wyn@gmail.com,,Brian,Wyn,0,"Anesthesia - Independent",2018-06-06,Wed,"2018-06-06 07:00:00","2018-06-06 13:58:00",-7.0,6.97,UMC,Scheduled,"Scheduled 8 hrs.",,"(Las Vegas, NV?)",,unapproved
brian.wyn@gmail.com,,Brian,Wyn,0,"Anesthesia - Independent",2018-06-08,Fri,"2018-06-08 07:00:00","2018-06-08 12:50:00",-7.0,5.83,UMC,Scheduled,"Scheduled 8 hrs.",,"(Las Vegas, NV?)",,unapproved
carllobato@yahoo.com,,Carl,Lobato,0,"Anesthesia - Independent",2018-05-31,Thu,"2018-05-31 08:00:00","2018-05-31 19:34:00",-7.0,11.57,UMC,Scheduled,"Scheduled 8 hrs.",,"(Las Vegas, NV?)",,unapproved
carllobato@yahoo.com,,Carl,Lobato,0,"Anesthesia - Independent",2018-06-05,Tue,"2018-06-05 07:00:00","2018-06-05 15:05:00",-7.0,8.08,UMC,Scheduled,"Scheduled 8 hrs.",,"(Las Vegas, NV?)",,unapproved
cahn70@yahoo.com,,Christopher,Ahn,0,"Anesthesia - Independent",2018-05-31,Thu,"2018-05-31 06:52:00","2018-05-31 17:37:00",-7.0,10.75,UMC,Scheduled,"Scheduled 8 hrs.",,"(Las Vegas, NV?)",,unapproved
cahn70@yahoo.com,,Christopher,Ahn,0,"Anesthesia - Independent",2018-06-01,Fri,"2018-06-01 06:57:00","2018-06-01 19:27:11",-7.0,12.50,UMC,Scheduled,"Scheduled 8 hrs.",,"TSheets iPhone App",,unapproved
cahn70@yahoo.com,,Christopher,Ahn,0,"Anesthesia - Independent",2018-06-04,Mon,"2018-06-04 07:19:00","2018-06-04 19:25:50",-7.0,12.11,UMC,Scheduled,"Scheduled 8 hrs.",,"TSheets iPhone App",,unapproved
cahn70@yahoo.com,,Christopher,Ahn,0,"Anesthesia - Independent",2018-06-05,Tue,"2018-06-05 08:00:00","2018-06-05 15:41:00",-7.0,7.68,UMC,Scheduled,"Scheduled 8 hrs.",,"TSheets iPhone App",,unapproved
cahn70@yahoo.com,,Christopher,Ahn,0,"Anesthesia - Independent",2018-06-12,Tue,"2018-06-12 12:10:00","2018-06-12 17:51:29",-7.0,5.69,UMC,Scheduled,"Scheduled 8 hrs.",,"TSheets iPhone App",,unapproved
cahn70@yahoo.com,,Christopher,Ahn,0,"Anesthesia - Independent",2018-06-14,Thu,"2018-06-14 13:35:00","2018-06-14 18:25:59",-7.0,4.85,UMC,Scheduled,"Scheduled 8 hrs.",,"TSheets iPhone App",,unapproved
cahn70@yahoo.com,,Christopher,Ahn,0,"Anesthesia - Independent",2018-06-18,Mon,"2018-06-18 07:00:00","2018-06-18 16:45:00",-7.0,9.75,UMC,Scheduled,"Scheduled 8 hrs.",,"(Las Vegas, NV?)",,unapproved
cahn70@yahoo.com,,Christopher,Ahn,0,"Anesthesia - Independent",2018-06-19,Tue,"2018-06-19 07:32:00","2018-06-19 17:05:32",-7.0,9.56,UMC,Scheduled,"Scheduled 8 hrs.",,"TSheets iPhone App",,unapproved
cahn70@yahoo.com,,Christopher,Ahn,0,"Anesthesia - Independent",2018-06-20,Wed,"2018-06-20 06:52:00","2018-06-20 15:25:05",-7.0,8.55,UMC,Scheduled,"Scheduled 8 hrs.",,"TSheets iPhone App",,unapproved
cahn70@yahoo.com,,Christopher,Ahn,0,"Anesthesia - Independent",2018-06-26,Tue,"2018-06-26 07:18:00","2018-06-26 16:58:56",-7.0,9.68,UMC,Scheduled,"Scheduled 8 hrs.",,"TSheets iPhone App",,unapproved
cahn70@yahoo.com,,Christopher,Ahn,0,"Anesthesia - Independent",2018-06-27,Wed,"2018-06-27 11:58:00","2018-06-27 18:34:00",-7.0,6.60,UMC,Scheduled,"Scheduled 8 hrs.",,"TSheets iPhone App",,unapproved
cahn70@yahoo.com,,Christopher,Ahn,0,"Anesthesia - Independent",2018-06-28,Thu,"2018-06-28 07:01:00","2018-06-28 17:16:00",-7.0,10.25,UMC,Scheduled,"Scheduled 8 hrs.",,"TSheets iPhone App",,unapproved
cahn70@yahoo.com,,Christopher,Ahn,0,"Anesthesia - Independent",2018-06-29,Fri,"2018-06-29 09:02:00","2018-06-29 15:06:27",-7.0,6.07,UMC,Scheduled,"Scheduled 8 hrs.",,"TSheets iPhone App",,unapproved
darlicia.alexander16@optum.com,,Darlicia,Alexander,0,"Anesthesia - AAC",2018-06-11,Mon,"2018-06-11 22:59:52","2018-06-12 07:01:37",-7.0,8.03,UMC,"On Call",T2,,"TSheets iPhone App",,unapproved
darlicia.alexander16@optum.com,,Darlicia,Alexander,0,"Anesthesia - AAC",2018-06-12,Tue,"2018-06-12 07:01:37","2018-06-13 07:38:29",-7.0,24.61,UMC,"On Call",T1,,"TSheets iPhone App",,unapproved
darlicia.alexander16@optum.com,,Darlicia,Alexander,0,"Anesthesia - AAC",2018-06-14,Thu,"2018-06-14 06:50:00","2018-06-14 17:17:02",-7.0,10.45,UMC,"On Call",T3,,"TSheets iPhone App",,unapproved
darlicia.alexander16@optum.com,,Darlicia,Alexander,0,"Anesthesia - AAC",2018-06-15,Fri,"2018-06-15 06:48:00","2018-06-15 19:10:10",-7.0,12.37,UMC,"On Call",T3,,"TSheets iPhone App",,unapproved
darlicia.alexander16@optum.com,,Darlicia,Alexander,0,"Anesthesia - AAC",2018-06-15,Fri,"2018-06-15 21:52:46","2018-06-15 23:29:51",-7.0,1.62,UMC,"On Call",T3,,"TSheets iPhone App",,unapproved
darlicia.alexander16@optum.com,,Darlicia,Alexander,0,"Anesthesia - AAC",2018-06-17,Sun,"2018-06-17 00:10:00","2018-06-17 01:44:09",-7.0,1.57,UMC,"On Call",T2,,"TSheets iPhone App",,unapproved
darlicia.alexander16@optum.com,,Darlicia,Alexander,0,"Anesthesia - AAC",2018-06-17,Sun,"2018-06-17 07:00:58","2018-06-18 07:12:48",-7.0,24.20,UMC,"On Call",T1,,"TSheets iPhone App",,unapproved
darlicia.alexander16@optum.com,,Darlicia,Alexander,0,"Anesthesia - AAC",2018-06-19,Tue,"2018-06-19 07:03:09","2018-06-19 19:30:24",-7.0,12.45,UMC,Scheduled,"Scheduled 8 hrs.",,"TSheets iPhone App",,unapproved
darlicia.alexander16@optum.com,,Darlicia,Alexander,0,"Anesthesia - AAC",2018-06-20,Wed,"2018-06-20 07:30:00","2018-06-20 15:42:46",-7.0,8.21,UMC,Scheduled,"Scheduled 8 hrs.",,"TSheets iPhone App",,unapproved
darlicia.alexander16@optum.com,,Darlicia,Alexander,0,"Anesthesia - AAC",2018-06-21,Thu,"2018-06-21 06:57:20","2018-06-21 20:45:10",-7.0,13.80,UMC,Scheduled,"Scheduled 8 hrs.",,"TSheets iPhone App",,unapproved
darlicia.alexander16@optum.com,,Darlicia,Alexander,0,"Anesthesia - AAC",2018-06-22,Fri,"2018-06-22 07:05:00","2018-06-22 17:44:51",-7.0,10.66,UMC,Scheduled,"Scheduled 8 hrs.",,"TSheets iPhone App",,unapproved
darlicia.alexander16@optum.com,,Darlicia,Alexander,0,"Anesthesia - AAC",2018-06-23,Sat,"2018-06-23 07:03:45","2018-06-23 23:17:35",-7.0,16.23,UMC,"On Call",OR1,,"TSheets iPhone App",,unapproved
darlicia.alexander16@optum.com,,Darlicia,Alexander,0,"Anesthesia - AAC",2018-06-24,Sun,"2018-06-24 07:04:12","2018-06-24 15:07:00",-7.0,8.05,UMC,"On Call",T3,,"TSheets iPhone App",,unapproved
darlicia.alexander16@optum.com,,Darlicia,Alexander,0,"Anesthesia - AAC",2018-06-25,Mon,"2018-06-25 01:08:04","2018-06-25 02:18:07",-7.0,1.17,UMC,"On Call",T3,,"TSheets iPhone App",,unapproved
darlicia.alexander16@optum.com,,Darlicia,Alexander,0,"Anesthesia - AAC",2018-06-25,Mon,"2018-06-25 09:26:39","2018-06-25 12:14:10",-7.0,2.79,UMC,"On Call",T2,,"TSheets iPhone App",,unapproved
darlicia.alexander16@optum.com,,Darlicia,Alexander,0,"Anesthesia - AAC",2018-06-26,Tue,"2018-06-26 00:15:00","2018-06-26 02:11:15",-7.0,1.94,UMC,"On Call",T2,,"TSheets iPhone App",,unapproved
darlicia.alexander16@optum.com,,Darlicia,Alexander,0,"Anesthesia - AAC",2018-06-26,Tue,"2018-06-26 06:56:29","2018-06-27 07:06:38",-7.0,24.17,UMC,"On Call",T1,,"TSheets iPhone App",,unapproved
darlicia.alexander16@optum.com,,Darlicia,Alexander,0,"Anesthesia - AAC",2018-06-28,Thu,"2018-06-28 07:30:28","2018-06-28 14:42:30",-7.0,7.20,UMC,Scheduled,"Scheduled 8 hrs.",,"TSheets iPhone App",,unapproved
darlicia.alexander16@optum.com,,Darlicia,Alexander,0,"Anesthesia - AAC",2018-06-29,Fri,"2018-06-29 07:03:00","2018-06-29 17:18:04",-7.0,10.25,UMC,Scheduled,"Scheduled 8 hrs.",,"TSheets iPhone App",,unapproved
darlicia.alexander16@optum.com,,Darlicia,Alexander,0,"Anesthesia - AAC",2018-06-30,Sat,"2018-06-30 08:00:00","2018-06-30 15:54:27",-7.0,7.91,UMC,"On Call",OR1,,"TSheets iPhone App",,unapproved
darlicia.alexander16@optum.com,,Darlicia,Alexander,0,"Anesthesia - AAC",2018-06-30,Sat,"2018-06-30 18:35:13","2018-07-01 00:16:55",-7.0,5.69,UMC,"On Call",OR1,,"TSheets iPhone App",,unapproved
yourlasthike@aol.com,,David,Ross,0,"Anesthesia - Independent",2018-06-07,Thu,"2018-06-07 07:00:00","2018-06-07 14:57:00",-7.0,7.95,UMC,Scheduled,"Scheduled 8 hrs.",,"(Las Vegas, NV?)",,unapproved
yourlasthike@aol.com,,David,Ross,0,"Anesthesia - Independent",2018-06-11,Mon,"2018-06-11 07:00:00","2018-06-11 18:34:00",-7.0,11.57,UMC,Scheduled,"Scheduled 8 hrs.",,"(Las Vegas, NV?)",,unapproved
yourlasthike@aol.com,,David,Ross,0,"Anesthesia - Independent",2018-06-12,Tue,"2018-06-12 10:29:00","2018-06-12 15:02:00",-7.0,4.55,UMC,Scheduled,"Scheduled 8 hrs.",,"(Las Vegas, NV?)",,unapproved
yourlasthike@aol.com,,David,Ross,0,"Anesthesia - Independent",2018-06-18,Mon,"2018-06-18 07:30:00","2018-06-18 15:03:00",-7.0,7.55,UMC,Scheduled,"Scheduled 8 hrs.",,"(Las Vegas, NV?)",,unapproved
yourlasthike@aol.com,,David,Ross,0,"Anesthesia - Independent",2018-06-25,Mon,"2018-06-25 09:00:00","2018-06-25 13:50:00",-7.0,4.83,UMC,Scheduled,"Scheduled 8 hrs.",,"(Las Vegas, NV?)",,unapproved
yourlasthike@aol.com,,David,Ross,0,"Anesthesia - Independent",2018-06-28,Thu,"2018-06-28 07:20:00","2018-06-28 15:12:56",-7.0,7.88,UMC,Scheduled,"Scheduled 8 hrs.",,"TSheets Android App",,unapproved
dtkearns@yahoo.com,,Devin,Kearns,0,"Anesthesia - AAC",2018-05-31,Thu,"2018-05-31 07:29:40","2018-05-31 16:14:20",-7.0,8.74,UMC,Scheduled,"Scheduled 8 hrs.",,"TSheets Android App",,unapproved
dtkearns@yahoo.com,,Devin,Kearns,0,"Anesthesia - AAC",2018-06-01,Fri,"2018-06-01 07:16:32","2018-06-01 13:12:27",-7.0,5.93,UMC,Scheduled,"Scheduled 8 hrs.",,"TSheets Android App",,unapproved
dtkearns@yahoo.com,,Devin,Kearns,0,"Anesthesia - AAC",2018-06-02,Sat,"2018-06-02 06:56:28","2018-06-03 01:21:10",-7.0,18.41,UMC,"On Call",OR1,,"TSheets Android App",,unapproved
dtkearns@yahoo.com,,Devin,Kearns,0,"Anesthesia - AAC",2018-06-03,Sun,"2018-06-03 12:40:01","2018-06-03 20:39:49",-7.0,8.00,UMC,"On Call",T3,,"TSheets Android App",,unapproved
dtkearns@yahoo.com,,Devin,Kearns,0,"Anesthesia - AAC",2018-06-04,Mon,"2018-06-04 10:27:38","2018-06-04 11:16:00",-7.0,0.81,UMC,"On Call",T2,,"TSheets Android App",,unapproved
dtkearns@yahoo.com,,Devin,Kearns,0,"Anesthesia - AAC",2018-06-05,Tue,"2018-06-05 07:05:51","2018-06-06 07:29:28",-7.0,24.39,UMC,"On Call",T1,,"TSheets Android App",,unapproved
dtkearns@yahoo.com,,Devin,Kearns,0,"Anesthesia - AAC",2018-06-07,Thu,"2018-06-07 07:25:00","2018-06-07 17:00:00",-7.0,9.58,UMC,Scheduled,"Scheduled 8 hrs.",,"TSheets Android App",,unapproved
dtkearns@yahoo.com,,Devin,Kearns,0,"Anesthesia - AAC",2018-06-08,Fri,"2018-06-08 07:06:36","2018-06-08 18:34:03",-7.0,11.46,UMC,Scheduled,"Scheduled 8 hrs.",,"TSheets Android App",,unapproved
dtkearns@yahoo.com,,Devin,Kearns,0,"Anesthesia - AAC",2018-06-09,Sat,"2018-06-09 06:55:25","2018-06-10 00:16:00",-7.0,17.34,UMC,"On Call",OR1,,"TSheets Android App",,unapproved
dtkearns@yahoo.com,,Devin,Kearns,0,"Anesthesia - AAC",2018-06-10,Sun,"2018-06-10 11:59:45","2018-06-10 13:25:59",-7.0,1.44,UMC,"On Call",T3,,"TSheets Android App",,unapproved
dtkearns@yahoo.com,,Devin,Kearns,0,"Anesthesia - AAC",2018-06-11,Mon,"2018-06-11 03:59:48","2018-06-11 07:00:31",-7.0,3.01,UMC,"On Call",T3,,"TSheets Android App",,unapproved
dtkearns@yahoo.com,,Devin,Kearns,0,"Anesthesia - AAC",2018-06-11,Mon,"2018-06-11 07:00:38","2018-06-11 09:07:48",-7.0,2.12,UMC,Scheduled,"Scheduled 12 hrs.",,"TSheets Android App",,unapproved
dtkearns@yahoo.com,,Devin,Kearns,0,"Anesthesia - AAC",2018-06-11,Mon,"2018-06-11 11:16:36","2018-06-11 14:24:16",-7.0,3.13,UMC,Scheduled,"Scheduled 12 hrs.",,"TSheets Android App",,unapproved
dtkearns@yahoo.com,,Devin,Kearns,0,"Anesthesia - AAC",2018-06-12,Tue,"2018-06-12 08:17:46","2018-06-12 14:28:40",-7.0,6.18,UMC,Scheduled,"Scheduled 12 hrs.",,"TSheets Android App",,unapproved
dtkearns@yahoo.com,,Devin,Kearns,0,"Anesthesia - AAC",2018-06-13,Wed,"2018-06-13 23:47:09","2018-06-14 02:25:00",-7.0,2.63,UMC,"On Call",T2,,"TSheets Android App",,unapproved
dtkearns@yahoo.com,,Devin,Kearns,0,"Anesthesia - AAC",2018-06-14,Thu,"2018-06-14 06:56:03","2018-06-15 07:29:27",-7.0,24.56,UMC,"On Call",T1,,"TSheets Android App",,unapproved
dtkearns@yahoo.com,,Devin,Kearns,0,"Anesthesia - AAC",2018-06-25,Mon,"2018-06-25 07:27:00","2018-06-25 17:00:16",-7.0,9.55,UMC,Scheduled,"Scheduled 12 hrs.",,"TSheets Android App",,unapproved
dtkearns@yahoo.com,,Devin,Kearns,0,"Anesthesia - AAC",2018-06-25,Mon,"2018-06-25 17:19:19","2018-06-25 18:53:00",-7.0,1.56,UMC,Scheduled,"Scheduled 12 hrs.",,"TSheets Android App",,unapproved
dtkearns@yahoo.com,,Devin,Kearns,0,"Anesthesia - AAC",2018-06-26,Tue,"2018-06-26 07:08:13","2018-06-26 18:54:00",-7.0,11.76,UMC,Scheduled,"Scheduled 12 hrs.",,"TSheets Android App",,unapproved
dtkearns@yahoo.com,,Devin,Kearns,0,"Anesthesia - AAC",2018-06-27,Wed,"2018-06-27 07:10:42","2018-06-27 23:13:12",-7.0,16.04,UMC,"On Call",OR1,,"TSheets Android App",,unapproved
dtkearns@yahoo.com,,Devin,Kearns,0,"Anesthesia - AAC",2018-06-28,Thu,"2018-06-28 06:55:04","2018-06-28 13:45:11",-7.0,6.84,UMC,"On Call",T3,,"TSheets Android App",,unapproved
dtkearns@yahoo.com,,Devin,Kearns,0,"Anesthesia - AAC",2018-06-28,Thu,"2018-06-28 16:02:00","2018-06-28 18:08:34",-7.0,2.11,UMC,"On Call",T3,,"TSheets Android App",,unapproved
dtkearns@yahoo.com,,Devin,Kearns,0,"Anesthesia - AAC",2018-06-29,Fri,"2018-06-29 07:24:02","2018-06-29 12:55:00",-7.0,5.52,UMC,"On Call",T2,,"TSheets Android App",,unapproved
dtkearns@yahoo.com,,Devin,Kearns,0,"Anesthesia - AAC",2018-06-29,Fri,"2018-06-29 15:48:49","2018-06-29 16:49:51",-7.0,1.02,UMC,"On Call",T2,,"TSheets Android App",,unapproved
eric.sorensen@optum.com,,Eric,Sorensen,0,"Anesthesia - AAC",2018-05-31,Thu,"2018-05-31 06:59:35","2018-05-31 17:37:15",-7.0,10.63,UMC,Scheduled,"Scheduled 12 hrs.",,"TSheets Android App",,unapproved
eric.sorensen@optum.com,,Eric,Sorensen,0,"Anesthesia - AAC",2018-06-01,Fri,"2018-06-01 06:58:42","2018-06-01 19:14:00",-7.0,12.25,UMC,Scheduled,"Scheduled 12 hrs.",,"TSheets Android App",,unapproved
eric.sorensen@optum.com,,Eric,Sorensen,0,"Anesthesia - AAC",2018-06-03,Sun,"2018-06-03 07:00:44","2018-06-03 13:53:00",-7.0,6.87,UMC,Scheduled,"Scheduled 12 hrs.",,"TSheets Android App",,unapproved
eric.sorensen@optum.com,,Eric,Sorensen,0,"Anesthesia - AAC",2018-06-04,Mon,"2018-06-04 06:55:00","2018-06-04 17:15:38",-7.0,10.34,UMC,Scheduled,"Scheduled 12 hrs.",,"TSheets Android App",,unapproved
eric.sorensen@optum.com,,Eric,Sorensen,0,"Anesthesia - AAC",2018-06-05,Tue,"2018-06-05 07:17:52","2018-06-05 21:40:09",-7.0,14.37,UMC,"On Call",OR1,,"TSheets Android App",,unapproved
eric.sorensen@optum.com,,Eric,Sorensen,0,"Anesthesia - AAC",2018-06-06,Wed,"2018-06-06 07:15:00","2018-06-06 22:08:31",-7.0,14.89,UMC,"On Call",T3,,"TSheets Android App",,unapproved
eric.sorensen@optum.com,,Eric,Sorensen,0,"Anesthesia - AAC",2018-06-07,Thu,"2018-06-07 08:10:00","2018-06-07 14:58:11",-7.0,6.80,UMC,"On Call",T2,,"TSheets Android App",,unapproved
eric.sorensen@optum.com,,Eric,Sorensen,0,"Anesthesia - AAC",2018-06-08,Fri,"2018-06-08 06:35:00","2018-06-09 07:13:00",-7.0,24.63,UMC,"On Call",T1,,"TSheets Android App",,unapproved
eric.sorensen@optum.com,,Eric,Sorensen,0,"Anesthesia - AAC",2018-06-10,Sun,"2018-06-10 08:18:00","2018-06-10 15:08:01",-7.0,6.83,UMC,"On Call",OR1,,"TSheets Android App",,unapproved
eric.sorensen@optum.com,,Eric,Sorensen,0,"Anesthesia - AAC",2018-06-10,Sun,"2018-06-10 17:36:00","2018-06-10 21:58:14",-7.0,4.37,UMC,"On Call",OR1,,"TSheets Android App",,unapproved
eric.sorensen@optum.com,,Eric,Sorensen,0,"Anesthesia - AAC",2018-06-10,Sun,"2018-06-10 22:40:28","2018-06-11 00:06:14",-7.0,1.43,UMC,"On Call",OR1,,"TSheets Android App",,unapproved
eric.sorensen@optum.com,,Eric,Sorensen,0,"Anesthesia - AAC",2018-06-11,Mon,"2018-06-11 07:07:46","2018-06-11 13:40:33",-7.0,6.55,UMC,"On Call",T3,,"TSheets Android App",,unapproved
eric.sorensen@optum.com,,Eric,Sorensen,0,"Anesthesia - AAC",2018-06-11,Mon,"2018-06-11 17:02:30","2018-06-11 20:07:00",-7.0,3.08,UMC,"On Call",T3,,"TSheets Android App",,unapproved
eric.sorensen@optum.com,,Eric,Sorensen,0,"Anesthesia - AAC",2018-06-12,Tue,"2018-06-12 08:46:34","2018-06-12 11:26:00",-7.0,2.66,UMC,"On Call",T2,,"TSheets Android App",,unapproved
eric.sorensen@optum.com,,Eric,Sorensen,0,"Anesthesia - AAC",2018-06-12,Tue,"2018-06-12 19:24:00","2018-06-12 21:31:57",-7.0,2.13,UMC,"On Call",T2,,"TSheets Android App",,unapproved
eric.sorensen@optum.com,,Eric,Sorensen,0,"Anesthesia - AAC",2018-06-13,Wed,"2018-06-13 07:00:00","2018-06-14 07:13:00",-7.0,24.22,UMC,"On Call",T1,,"TSheets Android App",,unapproved
eric.sorensen@optum.com,,Eric,Sorensen,0,"Anesthesia - AAC",2018-06-15,Fri,"2018-06-15 06:56:47","2018-06-15 13:43:52",-7.0,6.78,UMC,Scheduled,"Scheduled 12 hrs.",,"TSheets Android App",,unapproved
eric.sorensen@optum.com,,Eric,Sorensen,0,"Anesthesia - AAC",2018-06-19,Tue,"2018-06-19 07:26:09","2018-06-19 13:00:00",-7.0,5.56,UMC,Scheduled,"Scheduled 8 hrs.",,"TSheets Android App",,unapproved
eric.sorensen@optum.com,,Eric,Sorensen,0,"Anesthesia - AAC",2018-06-20,Wed,"2018-06-20 09:01:38","2018-06-20 13:35:00",-7.0,4.56,UMC,Scheduled,"Scheduled 8 hrs.",,"TSheets Android App",,unapproved
eric.sorensen@optum.com,,Eric,Sorensen,0,"Anesthesia - AAC",2018-06-21,Thu,"2018-06-21 07:22:05","2018-06-21 09:05:03",-7.0,1.72,UMC,Scheduled,"Scheduled 12 hrs.",,"TSheets Android App",,unapproved
eric.sorensen@optum.com,,Eric,Sorensen,0,"Anesthesia - AAC",2018-06-25,Mon,"2018-06-25 07:34:32","2018-06-26 00:38:12",-7.0,17.06,UMC,"On Call",OR1,,"TSheets Android App",,unapproved
eric.sorensen@optum.com,,Eric,Sorensen,0,"Anesthesia - AAC",2018-06-26,Tue,"2018-06-26 07:09:32","2018-06-27 00:10:00",-7.0,17.01,UMC,"On Call",T3,,"TSheets Android App",,unapproved
eric.sorensen@optum.com,,Eric,Sorensen,0,"Anesthesia - AAC",2018-06-27,Wed,"2018-06-27 07:02:45","2018-06-27 17:12:00",-7.0,10.15,UMC,Scheduled,"Scheduled 12 hrs.",,"TSheets Android App",,unapproved
eric.sorensen@optum.com,,Eric,Sorensen,0,"Anesthesia - AAC",2018-06-28,Thu,"2018-06-28 07:01:29","2018-06-28 16:36:44",-7.0,9.59,UMC,Scheduled,"Scheduled 12 hrs.",,"TSheets Android App",,unapproved
eric.sorensen@optum.com,,Eric,Sorensen,0,"Anesthesia - AAC",2018-06-29,Fri,"2018-06-29 07:03:02","2018-06-29 18:54:39",-7.0,11.86,UMC,"On Call",OR1,,"TSheets Android App",,unapproved
eric.sorensen@optum.com,,Eric,Sorensen,0,"Anesthesia - AAC",2018-06-30,Sat,"2018-06-30 07:25:29","2018-06-30 15:00:32",-7.0,7.58,UMC,"On Call",T3,,"TSheets Android App",,unapproved
eric.sorensen@optum.com,,Eric,Sorensen,0,"Anesthesia - AAC",2018-06-30,Sat,"2018-06-30 21:11:09","2018-06-30 23:47:35",-7.0,2.61,UMC,"On Call",T3,,"TSheets Android App",,unapproved
fegbase,,Felix,Egbase,0,Pharmacy,2018-06-01,Fri,"2018-06-01 20:03:55","2018-06-02 06:17:24",-7.0,10.22,Pharmacy,,,,"(Las Vegas, NV?)",,unapproved
fegbase,,Felix,Egbase,0,Pharmacy,2018-06-02,Sat,"2018-06-02 20:02:06","2018-06-03 06:18:47",-7.0,10.28,Pharmacy,,,,"(Las Vegas, NV?)",,unapproved
fegbase,,Felix,Egbase,0,Pharmacy,2018-06-03,Sun,"2018-06-03 20:02:07","2018-06-04 06:17:52",-7.0,10.26,Pharmacy,,,,"(Las Vegas, NV?)",,unapproved
fegbase,,Felix,Egbase,0,Pharmacy,2018-06-15,Fri,"2018-06-15 19:59:43","2018-06-16 06:13:09",-7.0,10.22,Pharmacy,,,,"(Las Vegas, NV?)",,unapproved
fegbase,,Felix,Egbase,0,Pharmacy,2018-06-16,Sat,"2018-06-16 20:03:06","2018-06-17 06:17:08",-7.0,10.23,Pharmacy,,,,"(Las Vegas, NV?)",,unapproved
fegbase,,Felix,Egbase,0,Pharmacy,2018-06-21,Thu,"2018-06-21 19:58:40","2018-06-22 06:25:17",-7.0,10.44,Pharmacy,,,,"(Las Vegas, NV?)",,unapproved
fegbase,,Felix,Egbase,0,Pharmacy,2018-06-22,Fri,"2018-06-22 20:04:31","2018-06-23 06:15:29",-7.0,10.18,Pharmacy,,,,"(Las Vegas, NV?)",,unapproved
fegbase,,Felix,Egbase,0,Pharmacy,2018-06-28,Thu,"2018-06-28 20:03:42","2018-06-29 05:58:40",-7.0,9.92,Pharmacy,,,,"(Las Vegas, NV?)",,unapproved
fegbase,,Felix,Egbase,0,Pharmacy,2018-06-29,Fri,"2018-06-29 20:01:26","2018-06-30 06:14:22",-7.0,10.22,Pharmacy,,,,"(Las Vegas, NV?)",,unapproved
gen1177@hotmail.com,,Genghis,Portillo,0,"Anesthesia - Independent",2018-06-19,Tue,"2018-06-19 08:30:00","2018-06-19 11:16:00",-7.0,2.77,UMC,Scheduled,"Scheduled 8 hrs.",,"(Las Vegas, NV?)","scheduled 7A-1P",unapproved
ginenerogler@yahoo.com,,Ginene,Acevedo,0,"Anesthesia - Independent",2018-06-11,Mon,"2018-06-11 07:00:00","2018-06-11 09:35:00",-7.0,2.58,UMC,Scheduled,"Scheduled 8 hrs.",,"(Las Vegas, NV?)",,unapproved
hosnylh@yahoo.com,,Hosny,Habashy,0,"Anesthesia - Independent",2018-06-11,Mon,"2018-06-11 07:00:00","2018-06-11 17:57:00",-7.0,10.95,UMC,Scheduled,"Scheduled 8 hrs.",,"(Las Vegas, NV?)",,unapproved
hosnylh@yahoo.com,,Hosny,Habashy,0,"Anesthesia - Independent",2018-06-15,Fri,"2018-06-15 15:00:00","2018-06-15 17:40:00",-7.0,2.67,UMC,Scheduled,"Scheduled 8 hrs.",,"(Las Vegas, NV?)","covered private in AM and dandolu for AAC",unapproved
hosnylh@yahoo.com,,Hosny,Habashy,0,"Anesthesia - Independent",2018-06-18,Mon,"2018-06-18 08:00:00","2018-06-18 19:51:00",-7.0,11.85,UMC,Scheduled,"Scheduled 8 hrs.",,"(Las Vegas, NV?)",,unapproved
hosnylh@yahoo.com,,Hosny,Habashy,0,"Anesthesia - Independent",2018-06-20,Wed,"2018-06-20 08:00:00","2018-06-20 13:35:00",-7.0,5.58,UMC,Scheduled,"Scheduled 8 hrs.",,"(Las Vegas, NV?)",,unapproved
hosnylh@yahoo.com,,Hosny,Habashy,0,"Anesthesia - Independent",2018-06-25,Mon,"2018-06-25 08:00:00","2018-06-25 21:23:00",-7.0,13.38,UMC,Scheduled,"Scheduled 8 hrs.",,"(Las Vegas, NV?)",,unapproved
jadeturner77@yahoo.com,,Jade,Turner,0,"Anesthesia - Independent",2018-05-31,Thu,"2018-05-31 07:30:00","2018-05-31 16:32:00",-7.0,9.03,UMC,Scheduled,"Scheduled 8 hrs.",,"(Las Vegas, NV?)",,unapproved
jadeturner77@yahoo.com,,Jade,Turner,0,"Anesthesia - Independent",2018-06-01,Fri,"2018-06-01 07:00:00","2018-06-01 18:29:00",-7.0,11.48,UMC,Scheduled,"Scheduled 8 hrs.",,"(Las Vegas, NV?)",,unapproved
jadeturner77@yahoo.com,,Jade,Turner,0,"Anesthesia - Independent",2018-06-04,Mon,"2018-06-04 07:30:00","2018-06-04 16:02:00",-7.0,8.53,UMC,Scheduled,"Scheduled 8 hrs.",,"(Las Vegas, NV?)",,unapproved
jadeturner77@yahoo.com,,Jade,Turner,0,"Anesthesia - Independent",2018-06-05,Tue,"2018-06-05 07:00:00","2018-06-05 15:21:00",-7.0,8.35,UMC,Scheduled,"Scheduled 8 hrs.",,"(Las Vegas, NV?)",,unapproved
jadeturner77@yahoo.com,,Jade,Turner,0,"Anesthesia - Independent",2018-06-06,Wed,"2018-06-06 08:30:00","2018-06-06 13:00:00",-7.0,4.50,UMC,Scheduled,"Scheduled 8 hrs.",,"(Las Vegas, NV?)",,unapproved
jadeturner77@yahoo.com,,Jade,Turner,0,"Anesthesia - Independent",2018-06-07,Thu,"2018-06-07 06:00:00","2018-06-07 17:05:00",-7.0,11.08,UMC,Scheduled,"Scheduled 8 hrs.",,"(Las Vegas, NV?)",,unapproved
jadeturner77@yahoo.com,,Jade,Turner,0,"Anesthesia - Independent",2018-06-08,Fri,"2018-06-08 07:00:00","2018-06-08 21:44:00",-7.0,14.73,UMC,Scheduled,"Scheduled 8 hrs.",,"(Las Vegas, NV?)",,unapproved
jadeturner77@yahoo.com,,Jade,Turner,0,"Anesthesia - Independent",2018-06-11,Mon,"2018-06-11 07:00:00","2018-06-11 15:13:00",-7.0,8.22,UMC,Scheduled,"Scheduled 8 hrs.",,"(Las Vegas, NV?)",,unapproved
jadeturner77@yahoo.com,,Jade,Turner,0,"Anesthesia - Independent",2018-06-12,Tue,"2018-06-12 07:00:00","2018-06-12 14:53:00",-7.0,7.88,UMC,Scheduled,"Scheduled 8 hrs.",,"(Las Vegas, NV?)",,unapproved
jadeturner77@yahoo.com,,Jade,Turner,0,"Anesthesia - Independent",2018-06-13,Wed,"2018-06-13 07:00:00","2018-06-13 10:13:00",-7.0,3.22,UMC,Scheduled,"Scheduled 8 hrs.",,"(Las Vegas, NV?)",,unapproved
jadeturner77@yahoo.com,,Jade,Turner,0,"Anesthesia - Independent",2018-06-13,Wed,"2018-06-13 14:00:00","2018-06-13 15:38:00",-7.0,1.63,UMC,Scheduled,"Scheduled 8 hrs.",,"(Las Vegas, NV?)",,unapproved
jadeturner77@yahoo.com,,Jade,Turner,0,"Anesthesia - Independent",2018-06-26,Tue,"2018-06-26 07:30:00","2018-06-26 15:00:00",-7.0,7.50,UMC,Scheduled,"Scheduled 8 hrs.",,"(Las Vegas, NV?)",,unapproved
jasonburkelv@outlook.com,,Jason,Burke,0,"Anesthesia - Independent",2018-05-31,Thu,"2018-05-31 06:46:00","2018-05-31 17:16:00",-7.0,10.50,UMC,Scheduled,"Scheduled 8 hrs.",,"TSheets iPhone App",,unapproved
jasonburkelv@outlook.com,,Jason,Burke,0,"Anesthesia - Independent",2018-06-03,Sun,"2018-06-03 06:56:00","2018-06-03 14:19:16",-7.0,7.39,UMC,Scheduled,"Scheduled 8 hrs.",,"TSheets iPhone App",,unapproved
jasonburkelv@outlook.com,,Jason,Burke,0,"Anesthesia - Independent",2018-06-06,Wed,"2018-06-06 06:53:27","2018-06-06 15:18:38",-7.0,8.42,UMC,Scheduled,"Scheduled 8 hrs.",,"TSheets iPhone App",,unapproved
jasonburkelv@outlook.com,,Jason,Burke,0,"Anesthesia - Independent",2018-06-07,Thu,"2018-06-07 07:05:00","2018-06-07 16:08:41",-7.0,9.06,UMC,Scheduled,"Scheduled 8 hrs.",,"TSheets iPhone App",,unapproved
jasonburkelv@outlook.com,,Jason,Burke,0,"Anesthesia - Independent",2018-06-08,Fri,"2018-06-08 06:42:14","2018-06-08 17:12:00",-7.0,10.50,UMC,Scheduled,"Scheduled 8 hrs.",,"TSheets iPhone App",,unapproved
jasonburkelv@outlook.com,,Jason,Burke,0,"Anesthesia - Independent",2018-06-11,Mon,"2018-06-11 07:32:00","2018-06-11 17:00:00",-7.0,9.47,UMC,Scheduled,"Scheduled 8 hrs.",,"TSheets iPhone App",,unapproved
jasonburkelv@outlook.com,,Jason,Burke,0,"Anesthesia - Independent",2018-06-14,Thu,"2018-06-14 06:49:12","2018-06-14 15:03:13",-7.0,8.23,UMC,Scheduled,"Scheduled 8 hrs.",,"TSheets iPhone App",,unapproved
jasonburkelv@outlook.com,,Jason,Burke,0,"Anesthesia - Independent",2018-06-15,Fri,"2018-06-15 06:58:00","2018-06-15 16:06:00",-7.0,9.13,UMC,Scheduled,"Scheduled 8 hrs.",,"TSheets iPhone App",,unapproved
jasonburkelv@outlook.com,,Jason,Burke,0,"Anesthesia - Independent",2018-06-17,Sun,"2018-06-17 06:37:32","2018-06-17 12:06:45",-7.0,5.49,UMC,Scheduled,"Scheduled 8 hrs.",,"TSheets iPhone App",,unapproved
jasonburkelv@outlook.com,,Jason,Burke,0,"Anesthesia - Independent",2018-06-18,Mon,"2018-06-18 07:04:50","2018-06-18 14:58:25",-7.0,7.89,UMC,Scheduled,"Scheduled 8 hrs.",,"TSheets iPhone App",,unapproved
jasonburkelv@outlook.com,,Jason,Burke,0,"Anesthesia - Independent",2018-06-21,Thu,"2018-06-21 06:35:44","2018-06-21 16:23:42",-7.0,9.80,UMC,Scheduled,"Scheduled 8 hrs.",,"TSheets iPhone App",,unapproved
jasonburkelv@outlook.com,,Jason,Burke,0,"Anesthesia - Independent",2018-06-22,Fri,"2018-06-22 07:50:21","2018-06-22 16:17:47",-7.0,8.46,UMC,Scheduled,"Scheduled 8 hrs.",,"TSheets iPhone App",,unapproved
jasonburkelv@outlook.com,,Jason,Burke,0,"Anesthesia - Independent",2018-06-25,Mon,"2018-06-25 07:02:39","2018-06-25 12:50:00",-7.0,5.79,UMC,Scheduled,"Scheduled 8 hrs.",,"TSheets iPhone App",,unapproved
jasonburkelv@outlook.com,,Jason,Burke,0,"Anesthesia - Independent",2018-06-27,Wed,"2018-06-27 07:33:09","2018-06-27 15:46:16",-7.0,8.22,UMC,Scheduled,"Scheduled 8 hrs.",,"TSheets iPhone App",,unapproved
jbear1119@yahoo.com,,Jennifer,Rhoades,0,"Anesthesia - Independent",2018-06-02,Sat,"2018-06-02 07:00:21","2018-06-02 11:56:00",-7.0,4.93,UMC,Scheduled,"Scheduled 8 hrs.",,"TSheets iPhone App",,unapproved
jessedadson@yahoo.com,,Jesse,Dadson,0,"Anesthesia - AAC",2018-05-31,Thu,"2018-05-31 06:34:48","2018-05-31 22:50:58",-7.0,16.27,UMC,"On Call",OR1,,"TSheets iPhone App",,unapproved
jessedadson@yahoo.com,,Jesse,Dadson,0,"Anesthesia - AAC",2018-06-01,Fri,"2018-06-01 07:39:19","2018-06-01 21:53:23",-7.0,14.23,UMC,"On Call",T3,,"TSheets iPhone App",,unapproved
jessedadson@yahoo.com,,Jesse,Dadson,0,"Anesthesia - AAC",2018-06-02,Sat,"2018-06-02 11:55:38","2018-06-02 15:03:42",-7.0,3.13,UMC,"On Call",T2,,"TSheets iPhone App",,unapproved
jessedadson@yahoo.com,,Jesse,Dadson,0,"Anesthesia - AAC",2018-06-03,Sun,"2018-06-03 04:43:55","2018-06-03 07:00:00",-7.0,2.27,UMC,"On Call",T2,,"TSheets iPhone App",,unapproved
jessedadson@yahoo.com,,Jesse,Dadson,0,"Anesthesia - AAC",2018-06-03,Sun,"2018-06-03 07:00:00","2018-06-04 07:20:47",-7.0,24.35,UMC,"On Call",T1,,"TSheets iPhone App",,unapproved
jessedadson@yahoo.com,,Jesse,Dadson,0,"Anesthesia - AAC",2018-06-05,Tue,"2018-06-05 06:48:36","2018-06-05 19:36:48",-7.0,12.80,UMC,Scheduled,"Scheduled 8 hrs.",,"TSheets iPhone App",,unapproved
jessedadson@yahoo.com,,Jesse,Dadson,0,"Anesthesia - AAC",2018-06-06,Wed,"2018-06-06 05:54:50","2018-06-06 21:04:02",-7.0,15.15,UMC,Scheduled,"Scheduled 8 hrs.",,"TSheets iPhone App",,unapproved
jessedadson@yahoo.com,,Jesse,Dadson,0,"Anesthesia - AAC",2018-06-07,Thu,"2018-06-07 06:32:14","2018-06-07 15:18:21",-7.0,8.77,UMC,Scheduled,"Scheduled 8 hrs.",,"TSheets iPhone App",,unapproved
jessedadson@yahoo.com,,Jesse,Dadson,0,"Anesthesia - AAC",2018-06-08,Fri,"2018-06-08 06:33:39","2018-06-08 18:55:02",-7.0,12.36,UMC,Scheduled,"Scheduled 8 hrs.",,"TSheets iPhone App",,unapproved
jessedadson@yahoo.com,,Jesse,Dadson,0,"Anesthesia - AAC",2018-06-09,Sat,"2018-06-09 06:41:30","2018-06-09 21:23:34",-7.0,14.70,UMC,Vacation,,,"TSheets iPhone App",,unapproved
jessedadson@yahoo.com,,Jesse,Dadson,0,"Anesthesia - AAC",2018-06-10,Sun,"2018-06-10 06:40:50","2018-06-10 10:55:27",-7.0,4.24,UMC,Vacation,,,"TSheets iPhone App",,unapproved
jessedadson@yahoo.com,,Jesse,Dadson,0,"Anesthesia - AAC",2018-06-11,Mon,"2018-06-11 06:39:14","2018-06-11 22:08:23",-7.0,15.49,UMC,"On Call",OR1,,"TSheets iPhone App",,unapproved
jessedadson@yahoo.com,,Jesse,Dadson,0,"Anesthesia - AAC",2018-06-12,Tue,"2018-06-12 06:34:29","2018-06-13 00:19:36",-7.0,17.75,UMC,"On Call",T3,,"TSheets iPhone App",,unapproved
jessedadson@yahoo.com,,Jesse,Dadson,0,"Anesthesia - AAC",2018-06-13,Wed,"2018-06-13 07:05:11","2018-06-13 15:14:43",-7.0,8.16,UMC,Scheduled,"Scheduled 8 hrs.",,"TSheets iPhone App",,unapproved
jessedadson@yahoo.com,,Jesse,Dadson,0,"Anesthesia - AAC",2018-06-14,Thu,"2018-06-14 06:34:25","2018-06-14 17:41:29",-7.0,11.12,UMC,Scheduled,"Scheduled 8 hrs.",,"TSheets iPhone App",,unapproved
jessedadson@yahoo.com,,Jesse,Dadson,0,"Anesthesia - AAC",2018-06-15,Fri,"2018-06-15 06:23:36","2018-06-16 00:33:02",-7.0,18.16,UMC,"On Call",OR1,,"TSheets iPhone App",,unapproved
jessedadson@yahoo.com,,Jesse,Dadson,0,"Anesthesia - AAC",2018-06-16,Sat,"2018-06-16 17:28:16","2018-06-16 21:44:29",-7.0,4.27,UMC,"On Call",T3,,"TSheets iPhone App",,unapproved
jessedadson@yahoo.com,,Jesse,Dadson,0,"Anesthesia - AAC",2018-06-17,Sun,"2018-06-17 14:00:15","2018-06-17 17:10:03",-7.0,3.16,UMC,"On Call",T2,,"TSheets iPhone App",,unapproved
jessedadson@yahoo.com,,Jesse,Dadson,0,"Anesthesia - AAC",2018-06-18,Mon,"2018-06-18 06:28:23","2018-06-19 08:31:19",-7.0,26.05,UMC,"On Call",T1,,"TSheets iPhone App",,unapproved
jessedadson@yahoo.com,,Jesse,Dadson,0,"Anesthesia - AAC",2018-06-20,Wed,"2018-06-20 04:51:17","2018-06-20 07:00:00",-7.0,2.15,UMC,"On Call",PEDS,,"TSheets iPhone App",,unapproved
jessedadson@yahoo.com,,Jesse,Dadson,0,"Anesthesia - AAC",2018-06-20,Wed,"2018-06-20 07:00:00","2018-06-20 13:17:19",-7.0,6.29,UMC,"On Call",PEDS,,"TSheets iPhone App",,unapproved
jessedadson@yahoo.com,,Jesse,Dadson,0,"Anesthesia - AAC",2018-06-21,Thu,"2018-06-21 06:16:37","2018-06-21 07:00:00",-7.0,0.72,UMC,"On Call",T2,,"TSheets iPhone App",,unapproved
jessedadson@yahoo.com,,Jesse,Dadson,0,"Anesthesia - AAC",2018-06-21,Thu,"2018-06-21 07:00:00","2018-06-22 09:13:53",-7.0,26.23,UMC,"On Call",T1,,"TSheets iPhone App",,unapproved
jessedadson@yahoo.com,,Jesse,Dadson,0,"Anesthesia - AAC",2018-06-23,Sat,"2018-06-23 06:30:10","2018-06-23 13:14:14",-7.0,6.73,UMC,Vacation,,,"TSheets iPhone App",,unapproved
jjedwards50@yahoo.com,,Johnathan,Edwards,0,"Anesthesia - Independent",2018-06-08,Fri,"2018-06-08 07:30:00","2018-06-08 21:16:00",-7.0,13.77,UMC,Scheduled,"Scheduled 8 hrs.",,"(Las Vegas, NV?)",,unapproved
jjedwards50@yahoo.com,,Johnathan,Edwards,0,"Anesthesia - Independent",2018-06-09,Sat,"2018-06-09 08:00:00","2018-06-09 15:56:00",-7.0,7.93,UMC,Scheduled,"Scheduled 8 hrs.",,"(Las Vegas, NV?)",,unapproved
jjedwards50@yahoo.com,,Johnathan,Edwards,0,"Anesthesia - Independent",2018-06-10,Sun,"2018-06-10 07:30:00","2018-06-10 08:19:00",-7.0,0.82,UMC,Scheduled,"Scheduled 8 hrs.",,"(Las Vegas, NV?)",,unapproved
jjedwards50@yahoo.com,,Johnathan,Edwards,0,"Anesthesia - Independent",2018-06-13,Wed,"2018-06-13 07:00:00","2018-06-13 11:01:00",-7.0,4.02,UMC,Scheduled,"Scheduled 8 hrs.",,"(Las Vegas, NV?)",,unapproved
jjedwards50@yahoo.com,,Johnathan,Edwards,0,"Anesthesia - Independent",2018-06-13,Wed,"2018-06-13 14:15:00","2018-06-13 16:02:00",-7.0,1.78,UMC,Scheduled,"Scheduled 8 hrs.",,"(Las Vegas, NV?)",,unapproved
jjedwards50@yahoo.com,,Johnathan,Edwards,0,"Anesthesia - Independent",2018-06-14,Thu,"2018-06-14 07:30:00","2018-06-14 18:26:00",-7.0,10.93,UMC,Scheduled,"Scheduled 8 hrs.",,"(Las Vegas, NV?)",,unapproved
jjedwards50@yahoo.com,,Johnathan,Edwards,0,"Anesthesia - Independent",2018-06-15,Fri,"2018-06-15 07:00:00","2018-06-15 18:30:00",-7.0,11.50,UMC,Scheduled,"Scheduled 8 hrs.",,"(Las Vegas, NV?)",,unapproved
jjedwards50@yahoo.com,,Johnathan,Edwards,0,"Anesthesia - Independent",2018-06-22,Fri,"2018-06-22 07:00:00","2018-06-22 15:00:00",-7.0,8.00,UMC,Scheduled,"Scheduled 8 hrs.",,"(Las Vegas, NV?)",,unapproved
jjedwards50@yahoo.com,,Johnathan,Edwards,0,"Anesthesia - Independent",2018-06-25,Mon,"2018-06-25 07:30:00","2018-06-25 12:06:00",-7.0,4.60,UMC,Scheduled,"Scheduled 8 hrs.",,"(Las Vegas, NV?)",,unapproved
ken.grigsby@optum.com,,Ken,Grigsby,0,"Anesthesia - AAC",2018-05-31,Thu,"2018-05-31 06:20:14","2018-05-31 22:15:06",-7.0,15.91,UMC,"On Call",T3,,"TSheets iPhone App",,unapproved
ken.grigsby@optum.com,,Ken,Grigsby,0,"Anesthesia - AAC",2018-06-02,Sat,"2018-06-02 02:09:03","2018-06-02 06:59:19",-7.0,4.84,UMC,"On Call",T2,,"TSheets iPhone App",,unapproved
ken.grigsby@optum.com,,Ken,Grigsby,0,"Anesthesia - AAC",2018-06-02,Sat,"2018-06-02 06:59:30","2018-06-03 07:00:00",-7.0,24.01,UMC,"On Call",T1,,"TSheets iPhone App",,unapproved
ken.grigsby@optum.com,,Ken,Grigsby,0,"Anesthesia - AAC",2018-06-04,Mon,"2018-06-04 06:24:40","2018-06-04 17:02:55",-7.0,10.64,UMC,Scheduled,"Scheduled 8 hrs.",,"TSheets iPhone App",,unapproved
ken.grigsby@optum.com,,Ken,Grigsby,0,"Anesthesia - AAC",2018-06-05,Tue,"2018-06-05 06:53:20","2018-06-05 09:04:52",-7.0,2.19,UMC,Scheduled,"Scheduled 8 hrs.",,"TSheets iPhone App",,unapproved
ken.grigsby@optum.com,,Ken,Grigsby,0,"Anesthesia - AAC",2018-06-05,Tue,"2018-06-05 11:35:02","2018-06-05 16:24:36",-7.0,4.83,UMC,Scheduled,"Scheduled 8 hrs.",,"TSheets iPhone App",,unapproved
ken.grigsby@optum.com,,Ken,Grigsby,0,"Anesthesia - AAC",2018-06-06,Wed,"2018-06-06 07:04:32","2018-06-06 16:58:09",-7.0,9.89,UMC,Scheduled,"Scheduled 8 hrs.",,"TSheets iPhone App",,unapproved
ken.grigsby@optum.com,,Ken,Grigsby,0,"Anesthesia - AAC",2018-06-07,Thu,"2018-06-07 07:00:00","2018-06-07 15:11:43",-7.0,8.20,UMC,Scheduled,"Scheduled 8 hrs.",,"TSheets iPhone App",,unapproved
ken.grigsby@optum.com,,Ken,Grigsby,0,"Anesthesia - AAC",2018-06-08,Fri,"2018-06-08 06:32:33","2018-06-08 23:55:16",-7.0,17.38,UMC,"On Call",OR1,,"TSheets iPhone App",,unapproved
ken.grigsby@optum.com,,Ken,Grigsby,0,"Anesthesia - AAC",2018-06-09,Sat,"2018-06-09 06:50:39","2018-06-09 17:21:55",-7.0,10.52,UMC,"On Call",T3,,"TSheets iPhone App",,unapproved
ken.grigsby@optum.com,,Ken,Grigsby,0,"Anesthesia - AAC",2018-06-10,Sun,"2018-06-10 01:17:39","2018-06-10 03:45:15",-7.0,2.46,UMC,"On Call",T3,,"TSheets iPhone App",,unapproved
ken.grigsby@optum.com,,Ken,Grigsby,0,"Anesthesia - AAC",2018-06-10,Sun,"2018-06-10 23:17:12","2018-06-11 06:42:16",-7.0,7.42,UMC,"On Call",T2,,"TSheets iPhone App",,unapproved
ken.grigsby@optum.com,,Ken,Grigsby,0,"Anesthesia - AAC",2018-06-11,Mon,"2018-06-11 06:42:26","2018-06-12 06:44:25",-7.0,24.03,UMC,"On Call",T1,,"TSheets iPhone App",,unapproved
ken.grigsby@optum.com,,Ken,Grigsby,0,"Anesthesia - AAC",2018-06-13,Wed,"2018-06-13 07:00:17","2018-06-13 18:58:14",-7.0,11.97,UMC,Scheduled,"Scheduled 8 hrs.",,"TSheets iPhone App",,unapproved
ken.grigsby@optum.com,,Ken,Grigsby,0,"Anesthesia - AAC",2018-06-14,Thu,"2018-06-14 06:15:17","2018-06-14 15:56:24",-7.0,9.69,UMC,Scheduled,"Scheduled 8 hrs.",,"TSheets iPhone App",,unapproved
ken.grigsby@optum.com,,Ken,Grigsby,0,"Anesthesia - AAC",2018-06-15,Fri,"2018-06-15 06:56:26","2018-06-15 13:58:20",-7.0,7.03,UMC,Scheduled,"Scheduled 8 hrs.",,"TSheets iPhone App",,unapproved
ken.grigsby@optum.com,,Ken,Grigsby,0,"Anesthesia - AAC",2018-06-15,Fri,"2018-06-15 14:46:16","2018-06-15 15:54:05",-7.0,1.13,UMC,Scheduled,"Scheduled 8 hrs.",,"TSheets iPhone App",,unapproved
ken.grigsby@optum.com,,Ken,Grigsby,0,"Anesthesia - AAC",2018-06-18,Mon,"2018-06-18 07:01:01","2018-06-18 15:44:00",-7.0,8.72,UMC,Scheduled,"Scheduled 8 hrs.",,"TSheets iPhone App",,unapproved
ken.grigsby@optum.com,,Ken,Grigsby,0,"Anesthesia - AAC",2018-06-19,Tue,"2018-06-19 06:48:43","2018-06-19 22:35:36",-7.0,15.78,UMC,"On Call",OR1,,"TSheets iPhone App",,unapproved
ken.grigsby@optum.com,,Ken,Grigsby,0,"Anesthesia - AAC",2018-06-20,Wed,"2018-06-20 06:35:09","2018-06-20 21:06:38",-7.0,14.52,UMC,"On Call",T3,,"TSheets iPhone App",,unapproved
ken.grigsby@optum.com,,Ken,Grigsby,0,"Anesthesia - AAC",2018-06-22,Fri,"2018-06-22 05:41:00","2018-06-22 08:37:37",-7.0,2.94,UMC,"On Call",T2,,"TSheets iPhone App",,unapproved
ken.grigsby@optum.com,,Ken,Grigsby,0,"Anesthesia - AAC",2018-06-22,Fri,"2018-06-22 08:37:44","2018-06-23 07:25:21",-7.0,22.79,UMC,"On Call",T1,,"TSheets iPhone App",,unapproved
ken.grigsby@optum.com,,Ken,Grigsby,0,"Anesthesia - AAC",2018-06-24,Sun,"2018-06-24 07:06:28","2018-06-24 19:39:26",-7.0,12.55,UMC,"On Call",OR1,,"TSheets iPhone App",,unapproved
ken.grigsby@optum.com,,Ken,Grigsby,0,"Anesthesia - AAC",2018-06-25,Mon,"2018-06-25 06:38:34","2018-06-25 17:41:16",-7.0,11.04,UMC,Scheduled,"Scheduled 8 hrs.",,"TSheets iPhone App",,unapproved
ken.grigsby@optum.com,,Ken,Grigsby,0,"Anesthesia - AAC",2018-06-26,Tue,"2018-06-26 07:56:58","2018-06-26 18:09:23",-7.0,10.21,UMC,Scheduled,"Scheduled 8 hrs.",,"TSheets iPhone App",,unapproved
ken.grigsby@optum.com,,Ken,Grigsby,0,"Anesthesia - AAC",2018-06-27,Wed,"2018-06-27 07:09:14","2018-06-27 09:08:53",-7.0,1.99,UMC,"On Call",T2,,"TSheets iPhone App",,unapproved
ken.grigsby@optum.com,,Ken,Grigsby,0,"Anesthesia - AAC",2018-06-27,Wed,"2018-06-27 18:46:11","2018-06-27 20:04:18",-7.0,1.30,UMC,"On Call",T2,,"TSheets iPhone App",,unapproved
ken.grigsby@optum.com,,Ken,Grigsby,0,"Anesthesia - AAC",2018-06-28,Thu,"2018-06-28 06:56:48","2018-06-29 07:04:03",-7.0,24.12,UMC,"On Call",T1,,"TSheets iPhone App",,unapproved
lquestel,,Lamona,Questel,0,Pharmacy,2018-06-26,Tue,"2018-06-26 13:00:00","2018-06-26 17:20:54",-7.0,4.35,Pharmacy,,,,"(Plymouth, MN?)",,unapproved
lquestel,,Lamona,Questel,0,Pharmacy,2018-06-26,Tue,"2018-06-26 18:27:12","2018-06-26 21:30:00",-7.0,3.05,Pharmacy,,,,"(Plymouth, MN?)",,unapproved
mbeltran,,Mirtha,Beltran,0,Pharmacy,2018-06-01,Fri,"2018-06-01 20:56:16","2018-06-02 03:01:19",-7.0,6.08,Pharmacy,,,,"(Plymouth, MN?)",,approved
mbeltran,,Mirtha,Beltran,0,Pharmacy,2018-06-02,Sat,"2018-06-02 16:53:47","2018-06-02 21:10:02",-7.0,4.27,Pharmacy,,,,"(Plymouth, MN?)",,approved
mbeltran,,Mirtha,Beltran,0,Pharmacy,2018-06-04,Mon,"2018-06-04 18:59:04","2018-06-05 00:17:03",-7.0,5.30,Pharmacy,,,,"(Plymouth, MN?)",,approved
mbeltran,,Mirtha,Beltran,0,Pharmacy,2018-06-05,Tue,"2018-06-05 00:41:17","2018-06-05 03:00:04",-7.0,2.31,Pharmacy,,,,"(Plymouth, MN?)",,approved
mbeltran,,Mirtha,Beltran,0,Pharmacy,2018-06-06,Wed,"2018-06-06 07:00:48","2018-06-06 13:11:02",-7.0,6.17,Pharmacy,,,,"(Plymouth, MN?)",,approved
mbeltran,,Mirtha,Beltran,0,Pharmacy,2018-06-06,Wed,"2018-06-06 13:36:19","2018-06-06 21:04:07",-7.0,7.46,Pharmacy,,,,"(Plymouth, MN?)",,approved
mbeltran,,Mirtha,Beltran,0,Pharmacy,2018-06-07,Thu,"2018-06-07 08:00:22","2018-06-07 13:11:08",-7.0,5.18,Pharmacy,,,,"(Plymouth, MN?)",,approved
mbeltran,,Mirtha,Beltran,0,Pharmacy,2018-06-07,Thu,"2018-06-07 13:40:00","2018-06-07 18:10:02",-7.0,4.50,Pharmacy,,,,"(Plymouth, MN?)",,approved
mbeltran,,Mirtha,Beltran,0,Pharmacy,2018-06-08,Fri,"2018-06-08 06:57:57","2018-06-08 13:13:02",-7.0,6.25,Pharmacy,,,,"(Plymouth, MN?)",,approved
mbeltran,,Mirtha,Beltran,0,Pharmacy,2018-06-08,Fri,"2018-06-08 13:37:53","2018-06-08 17:01:02",-7.0,3.39,Pharmacy,,,,"(Plymouth, MN?)",,approved
mbeltran,,Mirtha,Beltran,0,Pharmacy,2018-06-08,Fri,"2018-06-08 20:56:48","2018-06-09 00:20:14",-7.0,3.39,Pharmacy,,,,"(Plymouth, MN?)",,approved
mbeltran,,Mirtha,Beltran,0,Pharmacy,2018-06-09,Sat,"2018-06-09 00:45:24","2018-06-09 04:01:04",-7.0,3.26,Pharmacy,,,,"(Plymouth, MN?)",,approved
mbeltran,,Mirtha,Beltran,0,Pharmacy,2018-06-10,Sun,"2018-06-10 16:56:21","2018-06-10 21:05:09",-7.0,4.15,Pharmacy,,,,"(Plymouth, MN?)",,approved
mbeltran,,Mirtha,Beltran,0,Pharmacy,2018-06-12,Tue,"2018-06-12 15:58:11","2018-06-12 23:05:29",-7.0,7.12,Pharmacy,,,,"(Plymouth, MN?)",,approved
mbeltran,,Mirtha,Beltran,0,Pharmacy,2018-06-12,Tue,"2018-06-12 23:32:46","2018-06-13 04:00:10",-7.0,4.46,Pharmacy,,,,"(Plymouth, MN?)",,approved
mbeltran,,Mirtha,Beltran,0,Pharmacy,2018-06-14,Thu,"2018-06-14 07:00:58","2018-06-14 13:07:02",-7.0,6.10,Pharmacy,,,,"(Plymouth, MN?)",,approved
mbeltran,,Mirtha,Beltran,0,Pharmacy,2018-06-14,Thu,"2018-06-14 13:34:12","2018-06-14 17:02:03",-7.0,3.46,Pharmacy,,,,"(Plymouth, MN?)",,approved
mbeltran,,Mirtha,Beltran,0,Pharmacy,2018-06-15,Fri,"2018-06-15 06:56:00","2018-06-15 13:03:26",-7.0,6.12,Pharmacy,,,,"(Plymouth, MN?)",,approved
mbeltran,,Mirtha,Beltran,0,Pharmacy,2018-06-15,Fri,"2018-06-15 13:31:18","2018-06-15 17:01:08",-7.0,3.50,Pharmacy,,,,"(Plymouth, MN?)",,approved
mbeltran,,Mirtha,Beltran,0,Pharmacy,2018-06-15,Fri,"2018-06-15 21:56:25","2018-06-16 04:00:10",-7.0,6.06,Pharmacy,,,,"(Plymouth, MN?)",,approved
mbeltran,,Mirtha,Beltran,0,Pharmacy,2018-06-16,Sat,"2018-06-16 14:57:28","2018-06-16 21:01:03",-7.0,6.06,Pharmacy,,,,"(Plymouth, MN?)",,approved
mbeltran,,Mirtha,Beltran,0,Pharmacy,2018-06-18,Mon,"2018-06-18 06:58:19","2018-06-18 12:23:08",-7.0,5.41,Pharmacy,,,,"(Plymouth, MN?)",,approved
mbeltran,,Mirtha,Beltran,0,Pharmacy,2018-06-18,Mon,"2018-06-18 12:46:32","2018-06-18 17:06:17",-7.0,4.33,Pharmacy,,,,"(Plymouth, MN?)",,approved
mbeltran,,Mirtha,Beltran,0,Pharmacy,2018-06-19,Tue,"2018-06-19 06:58:55","2018-06-19 12:07:22",-7.0,5.14,Pharmacy,,,,"(Plymouth, MN?)",,approved
mbeltran,,Mirtha,Beltran,0,Pharmacy,2018-06-19,Tue,"2018-06-19 12:34:13","2018-06-19 17:06:05",-7.0,4.53,Pharmacy,,,,"(Plymouth, MN?)",,approved
mbeltran,,Mirtha,Beltran,0,Pharmacy,2018-06-20,Wed,"2018-06-20 15:55:51","2018-06-20 21:10:17",-7.0,5.24,Pharmacy,,,,"(Plymouth, MN?)",,approved
mbeltran,,Mirtha,Beltran,0,Pharmacy,2018-06-21,Thu,"2018-06-21 07:00:00","2018-06-21 13:15:03",-7.0,6.25,Pharmacy,,,,"(Plymouth, MN?)","Mirtha needed to Clock into work at 7:00am 06/21/18 -Gina S",approved
mbeltran,,Mirtha,Beltran,0,Pharmacy,2018-06-21,Thu,"2018-06-21 14:15:00","2018-06-21 17:09:44",-7.0,2.91,Pharmacy,,,,"(Plymouth, MN?)",,approved
mbeltran,,Mirtha,Beltran,0,Pharmacy,2018-06-22,Fri,"2018-06-22 15:56:22","2018-06-22 21:07:01",-7.0,5.18,Pharmacy,,,,"(Plymouth, MN?)",,approved
mbeltran,,Mirtha,Beltran,0,Pharmacy,2018-06-27,Wed,"2018-06-27 20:52:44","2018-06-28 03:02:03",-7.0,6.16,Pharmacy,,,,"(Plymouth, MN?)",,unapproved
nhelmi3@gmail.com,,Nader,Helmi,0,"Anesthesia - Independent",2018-06-01,Fri,"2018-06-01 08:00:00","2018-06-01 12:10:11",-7.0,4.17,UMC,Scheduled,"Scheduled 8 hrs.",,"TSheets iPhone App",,unapproved
nhelmi3@gmail.com,,Nader,Helmi,0,"Anesthesia - Independent",2018-06-15,Fri,"2018-06-15 06:55:00","2018-06-15 14:55:40",-7.0,8.01,UMC,Scheduled,"Scheduled 8 hrs.",,"TSheets iPhone App",,unapproved
seoul26@gmail.com,,Nam,Park,0,"Anesthesia - Independent",2018-05-31,Thu,"2018-05-31 08:00:00","2018-05-31 23:10:00",-7.0,15.17,UMC,Scheduled,"Scheduled 12 hrs.",,"(Las Vegas, NV?)",,unapproved
seoul26@gmail.com,,Nam,Park,0,"Anesthesia - Independent",2018-06-04,Mon,"2018-06-04 07:00:00","2018-06-04 17:04:00",-7.0,10.07,UMC,Scheduled,"Scheduled 12 hrs.",,"(Las Vegas, NV?)",,unapproved
seoul26@gmail.com,,Nam,Park,0,"Anesthesia - Independent",2018-06-05,Tue,"2018-06-05 07:00:00","2018-06-05 17:53:00",-7.0,10.88,UMC,Scheduled,"Scheduled 8 hrs.",,"(Las Vegas, NV?)",,unapproved
seoul26@gmail.com,,Nam,Park,0,"Anesthesia - Independent",2018-06-27,Wed,"2018-06-27 07:01:00","2018-06-27 19:40:00",-7.0,12.65,UMC,Scheduled,"Scheduled 12 hrs.",,"TSheets Android App",,unapproved
seoul26@gmail.com,,Nam,Park,0,"Anesthesia - Independent",2018-06-28,Thu,"2018-06-28 11:24:29","2018-06-28 20:02:00",-7.0,8.63,UMC,Scheduled,"Scheduled 12 hrs.",,"TSheets Android App",,unapproved
nnamdi.otuwa@optum.com,,Nnamdi,Otuwa,0,"Anesthesia - AAC",2018-05-31,Thu,"2018-05-31 06:50:20","2018-05-31 15:37:34",-7.0,8.79,UMC,Scheduled,"Scheduled 8 hrs.",,"TSheets iPhone App",,unapproved
nnamdi.otuwa@optum.com,,Nnamdi,Otuwa,0,"Anesthesia - AAC",2018-06-01,Fri,"2018-06-01 06:46:10","2018-06-01 08:30:15",-7.0,1.73,UMC,"On Call",OR1,,"TSheets iPhone App",,unapproved
nnamdi.otuwa@optum.com,,Nnamdi,Otuwa,0,"Anesthesia - AAC",2018-06-01,Fri,"2018-06-01 08:36:52","2018-06-01 11:14:35",-7.0,2.63,UMC,"On Call",OR1,,"TSheets iPhone App",,unapproved
nnamdi.otuwa@optum.com,,Nnamdi,Otuwa,0,"Anesthesia - AAC",2018-06-01,Fri,"2018-06-01 12:49:18","2018-06-01 22:28:36",-7.0,9.65,UMC,"On Call",OR1,,"TSheets iPhone App",,unapproved
nnamdi.otuwa@optum.com,,Nnamdi,Otuwa,0,"Anesthesia - AAC",2018-06-02,Sat,"2018-06-02 07:39:26","2018-06-03 00:18:51",-7.0,16.66,UMC,"On Call",T3,,"TSheets iPhone App",,unapproved
nnamdi.otuwa@optum.com,,Nnamdi,Otuwa,0,"Anesthesia - AAC",2018-06-04,Mon,"2018-06-04 06:58:12","2018-06-05 07:20:06",-7.0,24.37,UMC,"On Call",T1,,"TSheets iPhone App",,unapproved
nnamdi.otuwa@optum.com,,Nnamdi,Otuwa,0,"Anesthesia - AAC",2018-06-06,Wed,"2018-06-06 07:06:00","2018-06-06 22:59:59",-7.0,15.90,UMC,"On Call",OR1,,"TSheets iPhone App",,unapproved
nnamdi.otuwa@optum.com,,Nnamdi,Otuwa,0,"Anesthesia - AAC",2018-06-07,Thu,"2018-06-07 06:57:17","2018-06-07 18:46:46",-7.0,11.82,UMC,"On Call",T3,,"TSheets iPhone App",,unapproved
nnamdi.otuwa@optum.com,,Nnamdi,Otuwa,0,"Anesthesia - AAC",2018-06-07,Thu,"2018-06-07 21:01:37","2018-06-07 23:39:24",-7.0,2.63,UMC,"On Call",T3,,"TSheets iPhone App",,unapproved
nnamdi.otuwa@optum.com,,Nnamdi,Otuwa,0,"Anesthesia - AAC",2018-06-08,Fri,"2018-06-08 07:42:28","2018-06-08 13:47:04",-7.0,6.08,UMC,Scheduled,"Scheduled 8 hrs.",,"TSheets iPhone App",,unapproved
nnamdi.otuwa@optum.com,,Nnamdi,Otuwa,0,"Anesthesia - AAC",2018-06-11,Mon,"2018-06-11 09:54:17","2018-06-11 14:44:15",-7.0,4.83,UMC,Scheduled,"Scheduled 8 hrs.",,"TSheets iPhone App",,unapproved
nnamdi.otuwa@optum.com,,Nnamdi,Otuwa,0,"Anesthesia - AAC",2018-06-12,Tue,"2018-06-12 08:28:58","2018-06-12 23:05:29",-7.0,14.61,UMC,"On Call",OR1,,"TSheets iPhone App",,unapproved
nnamdi.otuwa@optum.com,,Nnamdi,Otuwa,0,"Anesthesia - AAC",2018-06-13,Wed,"2018-06-13 07:33:21","2018-06-13 10:39:45",-7.0,3.11,UMC,"On Call",T3,,"TSheets iPhone App",,unapproved
nnamdi.otuwa@optum.com,,Nnamdi,Otuwa,0,"Anesthesia - AAC",2018-06-13,Wed,"2018-06-13 12:23:08","2018-06-13 19:42:13",-7.0,7.32,UMC,"On Call",T3,,"TSheets iPhone App",,unapproved
nnamdi.otuwa@optum.com,,Nnamdi,Otuwa,0,"Anesthesia - AAC",2018-06-15,Fri,"2018-06-15 00:23:57","2018-06-15 07:00:00",-7.0,6.60,UMC,"On Call",T2,,"TSheets iPhone App",,unapproved
nnamdi.otuwa@optum.com,,Nnamdi,Otuwa,0,"Anesthesia - AAC",2018-06-15,Fri,"2018-06-15 07:00:00","2018-06-16 07:07:06",-7.0,24.12,UMC,"On Call",T1,,"TSheets iPhone App",,unapproved
nnamdi.otuwa@optum.com,,Nnamdi,Otuwa,0,"Anesthesia - AAC",2018-06-17,Sun,"2018-06-17 07:01:34","2018-06-17 20:52:18",-7.0,13.85,UMC,"On Call",OR1,,"TSheets iPhone App",,unapproved
nnamdi.otuwa@optum.com,,Nnamdi,Otuwa,0,"Anesthesia - AAC",2018-06-17,Sun,"2018-06-17 21:28:52","2018-06-18 00:39:07",-7.0,3.17,UMC,"On Call",OR1,,"TSheets iPhone App",,unapproved
nnamdi.otuwa@optum.com,,Nnamdi,Otuwa,0,"Anesthesia - AAC",2018-06-18,Mon,"2018-06-18 07:27:47","2018-06-18 22:57:24",-7.0,15.49,UMC,Scheduled,"Scheduled 8 hrs.",,"TSheets iPhone App",,unapproved
nnamdi.otuwa@optum.com,,Nnamdi,Otuwa,0,"Anesthesia - AAC",2018-06-19,Tue,"2018-06-19 08:45:04","2018-06-19 18:38:33",-7.0,9.89,UMC,Scheduled,"Scheduled 8 hrs.",,"TSheets iPhone App",,unapproved
nnamdi.otuwa@optum.com,,Nnamdi,Otuwa,0,"Anesthesia - AAC",2018-06-20,Wed,"2018-06-20 10:06:20","2018-06-20 11:28:57",-7.0,1.38,UMC,"On Call",OR1,,"TSheets iPhone App",,unapproved
nnamdi.otuwa@optum.com,,Nnamdi,Otuwa,0,"Anesthesia - AAC",2018-06-20,Wed,"2018-06-20 11:50:36","2018-06-20 22:19:59",-7.0,10.49,UMC,"On Call",OR1,,"TSheets iPhone App",,unapproved
nnamdi.otuwa@optum.com,,Nnamdi,Otuwa,0,"Anesthesia - AAC",2018-06-21,Thu,"2018-06-21 07:00:58","2018-06-21 22:42:26",-7.0,15.69,UMC,"On Call",T3,,"TSheets iPhone App",,unapproved
nnamdi.otuwa@optum.com,,Nnamdi,Otuwa,0,"Anesthesia - AAC",2018-06-22,Fri,"2018-06-22 06:52:34","2018-06-22 11:33:28",-7.0,4.68,UMC,"On Call",T2,,"TSheets iPhone App",,unapproved
nnamdi.otuwa@optum.com,,Nnamdi,Otuwa,0,"Anesthesia - AAC",2018-06-23,Sat,"2018-06-23 00:59:58","2018-06-23 07:00:00",-7.0,6.00,UMC,"On Call",T2,,"TSheets iPhone App",,unapproved
nnamdi.otuwa@optum.com,,Nnamdi,Otuwa,0,"Anesthesia - AAC",2018-06-23,Sat,"2018-06-23 07:00:00","2018-06-24 07:02:32",-7.0,24.04,UMC,"On Call",T1,,"TSheets iPhone App",,unapproved
nnamdi.otuwa@optum.com,,Nnamdi,Otuwa,0,"Anesthesia - AAC",2018-06-25,Mon,"2018-06-25 07:00:58","2018-06-25 17:09:25",-7.0,10.14,UMC,Scheduled,"Scheduled 8 hrs.",,"TSheets iPhone App",,unapproved
nnamdi.otuwa@optum.com,,Nnamdi,Otuwa,0,"Anesthesia - AAC",2018-06-26,Tue,"2018-06-26 06:52:00","2018-06-26 18:14:48",-7.0,11.38,UMC,Scheduled,"Scheduled 8 hrs.",,"TSheets iPhone App",,unapproved
nnamdi.otuwa@optum.com,,Nnamdi,Otuwa,0,"Anesthesia - AAC",2018-06-27,Wed,"2018-06-27 07:55:39","2018-06-27 17:22:00",-7.0,9.44,UMC,Scheduled,"Scheduled 8 hrs.",,"TSheets iPhone App",,unapproved
nnamdi.otuwa@optum.com,,Nnamdi,Otuwa,0,"Anesthesia - AAC",2018-06-28,Thu,"2018-06-28 07:32:24","2018-06-28 14:09:54",-7.0,6.62,UMC,Scheduled,"Scheduled 8 hrs.",,"TSheets iPhone App",,unapproved
nnamdi.otuwa@optum.com,,Nnamdi,Otuwa,0,"Anesthesia - AAC",2018-06-29,Fri,"2018-06-29 07:03:45","2018-06-29 17:06:41",-7.0,10.05,UMC,Scheduled,"Scheduled 8 hrs.",,"TSheets iPhone App",,unapproved
quanhaduong@gmail.com,,Quan,Haduong,0,"Anesthesia - Independent",2018-05-31,Thu,"2018-05-31 11:19:57","2018-05-31 15:20:00",-7.0,4.00,UMC,Scheduled,"Scheduled 8 hrs.",,"TSheets Android App",,unapproved
quanhaduong@gmail.com,,Quan,Haduong,0,"Anesthesia - Independent",2018-06-05,Tue,"2018-06-05 11:52:29","2018-06-05 14:07:36",-7.0,2.25,UMC,Scheduled,"Scheduled 8 hrs.",,"TSheets Android App",,unapproved
quanhaduong@gmail.com,,Quan,Haduong,0,"Anesthesia - Independent",2018-06-22,Fri,"2018-06-22 12:20:17","2018-06-22 19:16:18",-7.0,6.93,UMC,Scheduled,"Scheduled 8 hrs.",,"TSheets Android App",,unapproved
quanhaduong@gmail.com,,Quan,Haduong,0,"Anesthesia - Independent",2018-06-25,Mon,"2018-06-25 09:57:11","2018-06-25 11:32:53",-7.0,1.59,UMC,Scheduled,"Scheduled 8 hrs.",,"TSheets Android App",,unapproved
quanhaduong@gmail.com,,Quan,Haduong,0,"Anesthesia - Independent",2018-06-25,Mon,"2018-06-25 11:37:27","2018-06-25 19:46:00",-7.0,8.14,UMC,Scheduled,"Scheduled 8 hrs.",,"TSheets Android App",,unapproved
quanhaduong@gmail.com,,Quan,Haduong,0,"Anesthesia - Independent",2018-06-29,Fri,"2018-06-29 07:56:59","2018-06-29 12:29:45",-7.0,4.55,UMC,Scheduled,"Scheduled 8 hrs.",,"TSheets Android App",,unapproved
quanhaduong@gmail.com,,Quan,Haduong,0,"Anesthesia - Independent",2018-06-29,Fri,"2018-06-29 12:59:20","2018-06-29 21:27:09",-7.0,8.46,UMC,Scheduled,"Scheduled 8 hrs.",,"TSheets Android App",,unapproved
rashidjahangir@yahoo.com,,Rashid,Jahangir,0,"Anesthesia - Independent",2018-06-20,Wed,"2018-06-20 07:00:00","2018-06-20 12:53:00",-7.0,5.88,UMC,Scheduled,"Scheduled 8 hrs.",,"(Las Vegas, NV?)",,unapproved
rashidjahangir@yahoo.com,,Rashid,Jahangir,0,"Anesthesia - Independent",2018-06-21,Thu,"2018-06-21 07:00:00","2018-06-21 12:56:00",-7.0,5.93,UMC,Scheduled,"Scheduled 8 hrs.",,"(Las Vegas, NV?)","scheduled 7A-1P",unapproved
rdfhypnos@gmail.com,,Rob,Fisher,0,"Anesthesia - Independent",2018-06-06,Wed,"2018-06-06 07:00:00","2018-06-06 13:30:00",-7.0,6.50,UMC,Scheduled,"Scheduled 8 hrs.",,"(Las Vegas, NV?)",,unapproved
rdfhypnos@gmail.com,,Rob,Fisher,0,"Anesthesia - Independent",2018-06-18,Mon,"2018-06-18 07:30:00","2018-06-18 12:49:00",-7.0,5.32,UMC,Scheduled,"Scheduled 8 hrs.",,"(Las Vegas, NV?)",,unapproved
rdfhypnos@gmail.com,,Rob,Fisher,0,"Anesthesia - Independent",2018-06-26,Tue,"2018-06-26 08:44:48","2018-06-26 15:23:17",-7.0,6.64,UMC,Scheduled,"Scheduled 8 hrs.",,"TSheets iPhone App",,unapproved
rsullivan,,Ross,Sullivan,0,Pharmacy,2018-06-20,Wed,"2018-06-20 06:59:32","2018-06-20 13:15:00",-7.0,6.26,Pharmacy,,,,"(Plymouth, MN?)",,approved
rsullivan,,Ross,Sullivan,0,Pharmacy,2018-06-20,Wed,"2018-06-20 14:15:00","2018-06-20 17:00:00",-7.0,2.75,"Shift Total",,,,"(Plymouth, MN?)",,approved
rsullivan,,Ross,Sullivan,0,Pharmacy,2018-06-22,Fri,"2018-06-22 06:59:37","2018-06-22 12:52:03",-7.0,5.87,Pharmacy,,,,"(Plymouth, MN?)",,approved
rsullivan,,Ross,Sullivan,0,Pharmacy,2018-06-22,Fri,"2018-06-22 13:51:08","2018-06-22 17:00:20",-7.0,3.15,Pharmacy,,,,"(Plymouth, MN?)",,approved
rsullivan,,Ross,Sullivan,0,Pharmacy,2018-06-23,Sat,"2018-06-23 14:59:15","2018-06-23 19:05:37",-7.0,4.11,Pharmacy,,,,"(Plymouth, MN?)",,approved
rsullivan,,Ross,Sullivan,0,Pharmacy,2018-06-23,Sat,"2018-06-23 19:34:06","2018-06-24 03:04:10",-7.0,7.50,Pharmacy,,,,"(Plymouth, MN?)",,approved
rsullivan,,Ross,Sullivan,0,Pharmacy,2018-06-25,Mon,"2018-06-25 07:01:08","2018-06-25 12:03:02",-7.0,5.03,Pharmacy,,,,"(Plymouth, MN?)",,unapproved
rsullivan,,Ross,Sullivan,0,Pharmacy,2018-06-25,Mon,"2018-06-25 13:03:45","2018-06-25 17:08:35",-7.0,4.08,Pharmacy,,,,"(Plymouth, MN?)",,unapproved
rsullivan,,Ross,Sullivan,0,Pharmacy,2018-06-27,Wed,"2018-06-27 12:56:53","2018-06-27 16:08:02",-7.0,3.19,Pharmacy,,,,"(Plymouth, MN?)",,unapproved
rsullivan,,Ross,Sullivan,0,Pharmacy,2018-06-27,Wed,"2018-06-27 17:07:44","2018-06-27 21:07:11",-7.0,3.99,Pharmacy,,,,"(Plymouth, MN?)",,unapproved
rsullivan,,Ross,Sullivan,0,Pharmacy,2018-06-29,Fri,"2018-06-29 20:58:56","2018-06-30 03:03:31",-7.0,6.08,Pharmacy,,,,"(Plymouth, MN?)",,unapproved
rhafen42@gmail.com,,Ryan,Hafen,0,"Anesthesia - Independent",2018-06-01,Fri,"2018-06-01 07:15:00","2018-06-01 15:44:10",-7.0,8.49,UMC,Scheduled,"Scheduled 8 hrs.",,"TSheets iPhone App",,unapproved
rhafen42@gmail.com,,Ryan,Hafen,0,"Anesthesia - Independent",2018-06-03,Sun,"2018-06-03 06:50:00","2018-06-03 10:26:40",-7.0,3.61,UMC,"On Call",OR1,,"TSheets iPhone App",,unapproved
rhafen42@gmail.com,,Ryan,Hafen,0,"Anesthesia - Independent",2018-06-03,Sun,"2018-06-03 10:55:13","2018-06-03 20:55:00",-7.0,10.00,UMC,"On Call",OR1,,"TSheets iPhone App",,unapproved
rhafen42@gmail.com,,Ryan,Hafen,0,"Anesthesia - Independent",2018-06-04,Mon,"2018-06-04 07:44:00","2018-06-04 12:57:17",-7.0,5.22,UMC,Scheduled,"Scheduled 8 hrs.",,"TSheets iPhone App",,unapproved
rhafen42@gmail.com,,Ryan,Hafen,0,"Anesthesia - Independent",2018-06-05,Tue,"2018-06-05 06:42:32","2018-06-05 08:54:04",-7.0,2.19,UMC,"On Call",T3,,"TSheets iPhone App",,unapproved
rhafen42@gmail.com,,Ryan,Hafen,0,"Anesthesia - Independent",2018-06-05,Tue,"2018-06-05 14:46:00","2018-06-05 19:03:44",-7.0,4.30,UMC,"On Call",T3,,"TSheets iPhone App",,unapproved
rhafen42@gmail.com,,Ryan,Hafen,0,"Anesthesia - Independent",2018-06-05,Tue,"2018-06-05 19:35:10","2018-06-05 19:47:09",-7.0,0.20,UMC,"On Call",T3,,"TSheets iPhone App",,unapproved
rhafen42@gmail.com,,Ryan,Hafen,0,"Anesthesia - Independent",2018-06-06,Wed,"2018-06-06 16:10:00","2018-06-06 20:40:00",-7.0,4.50,UMC,"On Call",T2,,"TSheets iPhone App",,unapproved
rhafen42@gmail.com,,Ryan,Hafen,0,"Anesthesia - Independent",2018-06-07,Thu,"2018-06-07 06:45:08","2018-06-08 07:18:28",-7.0,24.56,UMC,"On Call",T1,,"TSheets iPhone App",,unapproved
rhafen42@gmail.com,,Ryan,Hafen,0,"Anesthesia - Independent",2018-06-18,Mon,"2018-06-18 07:09:31","2018-06-18 18:55:52",-7.0,11.77,UMC,Scheduled,"Scheduled 8 hrs.",,"TSheets iPhone App",,unapproved
rhafen42@gmail.com,,Ryan,Hafen,0,"Anesthesia - Independent",2018-06-19,Tue,"2018-06-19 06:50:00","2018-06-19 13:50:50",-7.0,7.01,UMC,Scheduled,"Scheduled 8 hrs.",,"TSheets iPhone App",,unapproved
rhafen42@gmail.com,,Ryan,Hafen,0,"Anesthesia - Independent",2018-06-20,Wed,"2018-06-20 06:50:00","2018-06-20 16:56:01",-7.0,10.10,UMC,Scheduled,"Scheduled 8 hrs.",,"TSheets iPhone App",,unapproved
rhafen42@gmail.com,,Ryan,Hafen,0,"Anesthesia - Independent",2018-06-21,Thu,"2018-06-21 07:15:00","2018-06-21 21:38:00",-7.0,14.38,UMC,"On Call",OR1,,"TSheets iPhone App",,unapproved
rhafen42@gmail.com,,Ryan,Hafen,0,"Anesthesia - Independent",2018-06-22,Fri,"2018-06-22 07:15:00","2018-06-22 14:30:00",-7.0,7.25,UMC,"On Call",T3,,"TSheets iPhone App",,unapproved
rhafen42@gmail.com,,Ryan,Hafen,0,"Anesthesia - Independent",2018-06-22,Fri,"2018-06-22 14:48:00","2018-06-22 17:38:00",-7.0,2.83,UMC,"On Call",T3,,"TSheets iPhone App",,unapproved
rhafen42@gmail.com,,Ryan,Hafen,0,"Anesthesia - Independent",2018-06-23,Sat,"2018-06-23 14:55:04","2018-06-23 15:39:39",-7.0,0.74,UMC,"On Call",T2,,"TSheets iPhone App",,unapproved
rhafen42@gmail.com,,Ryan,Hafen,0,"Anesthesia - Independent",2018-06-24,Sun,"2018-06-24 07:00:00","2018-06-25 07:55:00",-7.0,24.92,UMC,"On Call",T1,,"TSheets iPhone App",,unapproved
rhafen42@gmail.com,,Ryan,Hafen,0,"Anesthesia - Independent",2018-06-26,Tue,"2018-06-26 06:40:38","2018-06-27 00:03:00",-7.0,17.37,UMC,"On Call",OR1,,"TSheets iPhone App",,unapproved
rhafen42@gmail.com,,Ryan,Hafen,0,"Anesthesia - Independent",2018-06-27,Wed,"2018-06-27 07:54:00","2018-06-27 22:02:04",-7.0,14.13,UMC,"On Call",T3,,"TSheets iPhone App",,unapproved
samson.otuwa@optum.com,,Samson,Otuwa,0,"Anesthesia - AAC",2018-06-01,Fri,"2018-06-01 02:25:55","2018-06-01 06:56:31",-7.0,4.51,UMC,"On Call",T2,,"TSheets iPhone App",,unapproved
samson.otuwa@optum.com,,Samson,Otuwa,0,"Anesthesia - AAC",2018-06-01,Fri,"2018-06-01 06:56:31","2018-06-02 07:02:59",-7.0,24.11,UMC,"On Call",T1,,"TSheets iPhone App",,unapproved
samson.otuwa@optum.com,,Samson,Otuwa,0,"Anesthesia - AAC",2018-06-04,Mon,"2018-06-04 05:50:43","2018-06-04 23:30:50",-7.0,17.67,UMC,"On Call",T3,,"TSheets iPhone App",,unapproved
samson.otuwa@optum.com,,Samson,Otuwa,0,"Anesthesia - AAC",2018-06-05,Tue,"2018-06-05 07:40:20","2018-06-05 19:57:09",-7.0,12.28,UMC,"On Call",PEDS,,"TSheets iPhone App",,unapproved
samson.otuwa@optum.com,,Samson,Otuwa,0,"Anesthesia - AAC",2018-06-06,Wed,"2018-06-06 06:15:53","2018-06-06 21:00:00",-7.0,14.74,UMC,"On Call",PEDS,,"TSheets iPhone App",,unapproved
samson.otuwa@optum.com,,Samson,Otuwa,0,"Anesthesia - AAC",2018-06-07,Thu,"2018-06-07 06:10:00","2018-06-07 16:05:13",-7.0,9.92,UMC,"On Call",OR1,,"(Las Vegas, NV?)",,unapproved
samson.otuwa@optum.com,,Samson,Otuwa,0,"Anesthesia - AAC",2018-06-07,Thu,"2018-06-07 17:32:31","2018-06-07 23:39:35",-7.0,6.12,UMC,"On Call",OR1,,"TSheets iPhone App",,unapproved
samson.otuwa@optum.com,,Samson,Otuwa,0,"Anesthesia - AAC",2018-06-08,Fri,"2018-06-08 06:34:40","2018-06-09 00:10:38",-7.0,17.60,UMC,"On Call",T3,,"TSheets iPhone App",,unapproved
samson.otuwa@optum.com,,Samson,Otuwa,0,"Anesthesia - AAC",2018-06-09,Sat,"2018-06-09 07:03:38","2018-06-09 09:37:47",-7.0,2.57,UMC,"On Call",T2,,"TSheets iPhone App",,unapproved
samson.otuwa@optum.com,,Samson,Otuwa,0,"Anesthesia - AAC",2018-06-09,Sat,"2018-06-09 11:48:40","2018-06-09 15:58:49",-7.0,4.17,UMC,"On Call",T2,,"TSheets iPhone App",,unapproved
samson.otuwa@optum.com,,Samson,Otuwa,0,"Anesthesia - AAC",2018-06-09,Sat,"2018-06-09 23:55:11","2018-06-10 07:00:00",-7.0,7.08,UMC,"On Call",T2,,"TSheets iPhone App",,unapproved
samson.otuwa@optum.com,,Samson,Otuwa,0,"Anesthesia - AAC",2018-06-10,Sun,"2018-06-10 07:00:00","2018-06-11 07:00:49",-7.0,24.01,UMC,"On Call",T1,,"TSheets iPhone App",,unapproved
samson.otuwa@optum.com,,Samson,Otuwa,0,"Anesthesia - AAC",2018-06-12,Tue,"2018-06-12 06:45:57","2018-06-12 19:48:23",-7.0,13.04,UMC,Scheduled,"Scheduled 8 hrs.",,"TSheets iPhone App",,unapproved
samson.otuwa@optum.com,,Samson,Otuwa,0,"Anesthesia - AAC",2018-06-13,Wed,"2018-06-13 06:14:02","2018-06-13 18:42:36",-7.0,12.48,UMC,Scheduled,"Scheduled 8 hrs.",,"TSheets iPhone App",,unapproved
samson.otuwa@optum.com,,Samson,Otuwa,0,"Anesthesia - AAC",2018-06-14,Thu,"2018-06-14 06:26:42","2018-06-14 12:06:17",-7.0,5.66,UMC,Scheduled,"Scheduled 8 hrs.",,"TSheets iPhone App",,unapproved
samson.otuwa@optum.com,,Samson,Otuwa,0,"Anesthesia - AAC",2018-06-15,Fri,"2018-06-15 06:48:23","2018-06-15 17:15:37",-7.0,10.45,UMC,Scheduled,"Scheduled 8 hrs.",,"TSheets iPhone App",,unapproved
samson.otuwa@optum.com,,Samson,Otuwa,0,"Anesthesia - AAC",2018-06-16,Sat,"2018-06-16 07:21:50","2018-06-17 00:11:09",-7.0,16.82,UMC,"On Call",OR1,,"TSheets iPhone App",,unapproved
samson.otuwa@optum.com,,Samson,Otuwa,0,"Anesthesia - AAC",2018-06-17,Sun,"2018-06-17 08:07:37","2018-06-17 22:28:44",-7.0,14.35,UMC,"On Call",T3,,"TSheets iPhone App",,unapproved
samson.otuwa@optum.com,,Samson,Otuwa,0,"Anesthesia - AAC",2018-06-18,Mon,"2018-06-18 07:53:59","2018-06-18 10:52:41",-7.0,2.98,UMC,"On Call",T2,,"TSheets iPhone App",,unapproved
samson.otuwa@optum.com,,Samson,Otuwa,0,"Anesthesia - AAC",2018-06-18,Mon,"2018-06-18 17:10:55","2018-06-18 20:45:00",-7.0,3.57,UMC,"On Call",T2,,"TSheets iPhone App",,unapproved
samson.otuwa@optum.com,,Samson,Otuwa,0,"Anesthesia - AAC",2018-06-18,Mon,"2018-06-18 23:18:06","2018-06-19 08:00:54",-7.0,8.71,UMC,"On Call",T2,,"TSheets iPhone App",,unapproved
samson.otuwa@optum.com,,Samson,Otuwa,0,"Anesthesia - AAC",2018-06-19,Tue,"2018-06-19 08:00:54","2018-06-20 07:00:00",-7.0,22.98,UMC,"On Call",T1,,"TSheets iPhone App",,unapproved
samson.otuwa@optum.com,,Samson,Otuwa,0,"Anesthesia - AAC",2018-06-21,Thu,"2018-06-21 06:37:40","2018-06-21 18:10:39",-7.0,11.55,UMC,"On Call",PEDS,,"TSheets iPhone App",,unapproved
samson.otuwa@optum.com,,Samson,Otuwa,0,"Anesthesia - AAC",2018-06-22,Fri,"2018-06-22 06:27:12","2018-06-22 19:16:35",-7.0,12.82,UMC,"On Call",PEDS,,"TSheets iPhone App",,unapproved
samson.otuwa@optum.com,,Samson,Otuwa,0,"Anesthesia - AAC",2018-06-23,Sat,"2018-06-23 06:59:24","2018-06-23 08:44:05",-7.0,1.74,UMC,"On Call",PEDS,,"TSheets iPhone App",,unapproved
samson.otuwa@optum.com,,Samson,Otuwa,0,"Anesthesia - AAC",2018-06-24,Sun,"2018-06-24 10:04:26","2018-06-24 11:52:02",-7.0,1.79,UMC,"On Call",PEDS,,"TSheets iPhone App",,unapproved
samson.otuwa@optum.com,,Samson,Otuwa,0,"Anesthesia - AAC",2018-06-25,Mon,"2018-06-25 07:16:45","2018-06-25 22:48:53",-7.0,15.54,UMC,"On Call",T3,,"TSheets iPhone App",,unapproved
samson.otuwa@optum.com,,Samson,Otuwa,0,"Anesthesia - AAC",2018-06-26,Tue,"2018-06-26 00:26:50","2018-06-26 06:01:14",-7.0,5.57,UMC,"On Call",T2,,"TSheets iPhone App",,unapproved
samson.otuwa@optum.com,,Samson,Otuwa,0,"Anesthesia - AAC",2018-06-26,Tue,"2018-06-26 18:29:37","2018-06-27 02:42:15",-7.0,8.21,UMC,"On Call",T2,,"TSheets iPhone App",,unapproved
samson.otuwa@optum.com,,Samson,Otuwa,0,"Anesthesia - AAC",2018-06-27,Wed,"2018-06-27 06:59:43","2018-06-28 07:04:32",-7.0,24.08,UMC,"On Call",T1,,"TSheets iPhone App",,unapproved
samson.otuwa@optum.com,,Samson,Otuwa,0,"Anesthesia - AAC",2018-06-29,Fri,"2018-06-29 06:27:51","2018-06-29 19:37:53",-7.0,13.17,UMC,Scheduled,"Scheduled 8 hrs.",,"TSheets iPhone App",,unapproved
samson.otuwa@optum.com,,Samson,Otuwa,0,"Anesthesia - AAC",2018-06-30,Sat,"2018-06-30 07:42:23","2018-06-30 11:20:00",-7.0,3.63,UMC,"On Call",PEDS,,"TSheets iPhone App",,unapproved
samson.otuwa@optum.com,,Samson,Otuwa,0,"Anesthesia - AAC",2018-06-30,Sat,"2018-06-30 22:12:39","2018-07-01 00:17:22",-7.0,2.08,UMC,"On Call",PEDS,,"TSheets iPhone App",,unapproved
tgaretto,,Thomas,Garetto,0,"Anesthesia - PAC",2018-06-14,Thu,"2018-06-14 08:26:59","2018-06-14 14:05:22",-7.0,5.64,UMC,"Gen. Admin",,,"TSheets iPhone App",,unapproved
tgaretto,,Thomas,Garetto,0,"Anesthesia - PAC",2018-06-15,Fri,"2018-06-15 06:49:00","2018-06-15 17:11:19",-7.0,10.37,UMC,Scheduled,"Scheduled 8 hrs.",,"TSheets iPhone App",,unapproved
tgaretto,,Thomas,Garetto,0,"Anesthesia - PAC",2018-06-16,Sat,"2018-06-16 06:21:20","2018-06-16 12:41:55",-7.0,6.34,UMC,Scheduled,"Scheduled 8 hrs.",,"TSheets iPhone App",,unapproved
tgaretto,,Thomas,Garetto,0,"Anesthesia - PAC",2018-06-24,Sun,"2018-06-24 08:21:44","2018-06-24 11:04:00",-7.0,2.70,UMC,Scheduled,"Scheduled 8 hrs.",,"TSheets iPhone App",,unapproved
tgaretto,,Thomas,Garetto,0,"Anesthesia - PAC",2018-06-26,Tue,"2018-06-26 06:47:41","2018-06-26 18:46:15",-7.0,11.98,UMC,Scheduled,"Scheduled 8 hrs.",,"TSheets iPhone App",,unapproved
tgaretto,,Thomas,Garetto,0,"Anesthesia - PAC",2018-06-30,Sat,"2018-06-30 06:40:55","2018-06-30 11:48:46",-7.0,5.13,UMC,"Gen. Admin",,,"TSheets iPhone App",,unapproved
vstallin@sierrahealth.com,,Vanessa,Stallings,0,Pharmacy,2018-06-03,Sun,"2018-06-03 20:53:07","2018-06-04 03:53:33",-7.0,7.01,Pharmacy,,,,"(Plymouth, MN?)",,approved
vstallin@sierrahealth.com,,Vanessa,Stallings,0,Pharmacy,2018-06-05,Tue,"2018-06-05 19:53:10","2018-06-06 03:00:13",-7.0,7.12,Pharmacy,,,,"(Plymouth, MN?)",,approved
vstallin@sierrahealth.com,,Vanessa,Stallings,0,Pharmacy,2018-06-06,Wed,"2018-06-06 20:56:11","2018-06-07 03:05:18",-7.0,6.15,Pharmacy,,,,"(Plymouth, MN?)",,approved
vstallin@sierrahealth.com,,Vanessa,Stallings,0,Pharmacy,2018-06-10,Sun,"2018-06-10 20:51:42","2018-06-11 03:07:54",-7.0,6.27,Pharmacy,,,,"(Plymouth, MN?)",,approved
vstallin@sierrahealth.com,,Vanessa,Stallings,0,Pharmacy,2018-06-11,Mon,"2018-06-11 18:55:57","2018-06-12 01:12:08",-7.0,6.27,Pharmacy,,,,"(Plymouth, MN?)",,approved
vstallin@sierrahealth.com,,Vanessa,Stallings,0,Pharmacy,2018-06-12,Tue,"2018-06-12 01:42:00","2018-06-12 03:02:50",-7.0,1.35,Pharmacy,,,,"(Plymouth, MN?)",,approved
vstallin@sierrahealth.com,,Vanessa,Stallings,0,Pharmacy,2018-06-13,Wed,"2018-06-13 21:44:37","2018-06-14 03:02:49",-7.0,5.30,Pharmacy,,,,"(Plymouth, MN?)",,approved
vstallin@sierrahealth.com,,Vanessa,Stallings,0,Pharmacy,2018-06-18,Mon,"2018-06-18 17:04:41","2018-06-19 00:26:43",-7.0,7.37,Pharmacy,,,,"(Plymouth, MN?)",,unapproved
vstallin@sierrahealth.com,,Vanessa,Stallings,0,Pharmacy,2018-06-19,Tue,"2018-06-19 01:00:30","2018-06-19 03:00:49",-7.0,2.01,Pharmacy,,,,"(Plymouth, MN?)",,unapproved
vstallin@sierrahealth.com,,Vanessa,Stallings,0,Pharmacy,2018-06-19,Tue,"2018-06-19 19:04:28","2018-06-20 03:04:45",-7.0,8.00,Pharmacy,,,,"(Plymouth, MN?)",,unapproved
vstallin@sierrahealth.com,,Vanessa,Stallings,0,Pharmacy,2018-06-20,Wed,"2018-06-20 20:58:46","2018-06-21 03:01:04",-7.0,6.04,Pharmacy,,,,"(Plymouth, MN?)",,unapproved
vstallin@sierrahealth.com,,Vanessa,Stallings,0,Pharmacy,2018-06-22,Fri,"2018-06-22 21:01:36","2018-06-23 04:00:44",-7.0,6.99,Pharmacy,,,,"(Plymouth, MN?)",,unapproved
vstallin@sierrahealth.com,,Vanessa,Stallings,0,Pharmacy,2018-06-24,Sun,"2018-06-24 20:59:18","2018-06-25 03:00:20",-7.0,6.02,Pharmacy,,,,"(Plymouth, MN?)",,unapproved
vstallin@sierrahealth.com,,Vanessa,Stallings,0,Pharmacy,2018-06-25,Mon,"2018-06-25 18:54:32","2018-06-26 03:02:38",-7.0,8.13,Pharmacy,,,,"(Plymouth, MN?)",,unapproved
vstallin@sierrahealth.com,,Vanessa,Stallings,0,Pharmacy,2018-06-26,Tue,"2018-06-26 20:48:40","2018-06-27 03:02:06",-7.0,6.22,Pharmacy,,,,"(Plymouth, MN?)",,unapproved
vivek.srinarayana@optum.com,,Vivek,Srinarayana,0,"Anesthesia - AAC",2018-05-31,Thu,"2018-05-31 06:59:20","2018-06-01 07:12:20",-7.0,24.22,UMC,"On Call",T1,,"TSheets iPhone App",,unapproved
vivek.srinarayana@optum.com,,Vivek,Srinarayana,0,"Anesthesia - AAC",2018-06-18,Mon,"2018-06-18 07:07:13","2018-06-19 07:00:00",-7.0,23.88,UMC,"On Call",T3,,"TSheets iPhone App",,unapproved
vivek.srinarayana@optum.com,,Vivek,Srinarayana,0,"Anesthesia - AAC",2018-06-19,Tue,"2018-06-19 09:49:17","2018-06-19 12:50:57",-7.0,3.03,UMC,"On Call",T2,,"TSheets iPhone App",,unapproved
vivek.srinarayana@optum.com,,Vivek,Srinarayana,0,"Anesthesia - AAC",2018-06-19,Tue,"2018-06-19 17:54:13","2018-06-19 18:34:00",-7.0,0.66,UMC,"On Call",T2,,"TSheets iPhone App",,unapproved
vivek.srinarayana@optum.com,,Vivek,Srinarayana,0,"Anesthesia - AAC",2018-06-20,Wed,"2018-06-20 00:00:29","2018-06-20 07:01:59",-7.0,7.03,UMC,"On Call",T2,,"TSheets iPhone App",,unapproved
vivek.srinarayana@optum.com,,Vivek,Srinarayana,0,"Anesthesia - AAC",2018-06-20,Wed,"2018-06-20 07:01:59","2018-06-21 07:00:00",-7.0,23.97,UMC,"On Call",T1,,"TSheets iPhone App",,unapproved
vivek.srinarayana@optum.com,,Vivek,Srinarayana,0,"Anesthesia - AAC",2018-06-21,Thu,"2018-06-21 07:00:00","2018-06-21 07:45:22",-7.0,0.76,UMC,"On Call",T2,,"TSheets iPhone App",,unapproved
vivek.srinarayana@optum.com,,Vivek,Srinarayana,0,"Anesthesia - AAC",2018-06-22,Fri,"2018-06-22 07:01:33","2018-06-22 19:49:25",-7.0,12.80,UMC,"On Call",OR1,,"TSheets iPhone App",,unapproved
vivek.srinarayana@optum.com,,Vivek,Srinarayana,0,"Anesthesia - AAC",2018-06-22,Fri,"2018-06-22 22:25:33","2018-06-23 00:46:32",-7.0,2.35,UMC,"On Call",OR1,,"TSheets iPhone App",,unapproved
vivek.srinarayana@optum.com,,Vivek,Srinarayana,0,"Anesthesia - AAC",2018-06-23,Sat,"2018-06-23 07:39:37","2018-06-23 16:05:00",-7.0,8.42,UMC,"On Call",T3,,"TSheets iPhone App",,unapproved
vivek.srinarayana@optum.com,,Vivek,Srinarayana,0,"Anesthesia - AAC",2018-06-23,Sat,"2018-06-23 19:40:31","2018-06-23 19:56:08",-7.0,0.26,UMC,"On Call",T3,,"TSheets iPhone App",,unapproved
vivek.srinarayana@optum.com,,Vivek,Srinarayana,0,"Anesthesia - AAC",2018-06-23,Sat,"2018-06-23 20:43:56","2018-06-23 22:52:41",-7.0,2.15,UMC,"On Call",T3,,"TSheets iPhone App",,unapproved
vivek.srinarayana@optum.com,,Vivek,Srinarayana,0,"Anesthesia - AAC",2018-06-25,Mon,"2018-06-25 00:14:10","2018-06-25 07:00:00",-7.0,6.76,UMC,"On Call",T2,,"TSheets iPhone App",,unapproved
vivek.srinarayana@optum.com,,Vivek,Srinarayana,0,"Anesthesia - AAC",2018-06-25,Mon,"2018-06-25 07:00:00","2018-06-26 07:06:22",-7.0,24.11,UMC,"On Call",T1,,"TSheets iPhone App",,unapproved
vivek.srinarayana@optum.com,,Vivek,Srinarayana,0,"Anesthesia - AAC",2018-06-27,Wed,"2018-06-27 07:11:30","2018-06-27 18:11:36",-7.0,11.00,UMC,Scheduled,"Scheduled 8 hrs.",,"TSheets iPhone App",,unapproved
vivek.srinarayana@optum.com,,Vivek,Srinarayana,0,"Anesthesia - AAC",2018-06-28,Thu,"2018-06-28 07:46:50","2018-06-28 14:50:00",-7.0,7.05,UMC,"On Call",OR1,,"TSheets iPhone App",,unapproved
vivek.srinarayana@optum.com,,Vivek,Srinarayana,0,"Anesthesia - AAC",2018-06-29,Fri,"2018-06-29 07:20:27","2018-06-29 17:27:40",-7.0,10.12,UMC,"On Call",T3,,"TSheets iPhone App",,unapproved
ysaennok,,Yutchadol,Saennok,0,Pharmacy,2018-05-31,Thu,"2018-05-31 20:00:00","2018-06-01 03:00:02",-7.0,7.00,Pharmacy,,,,"Kiosk: PHARMACY","Yoshi was unable to get into the system, updated his time to 8pm.",approved
ysaennok,,Yutchadol,Saennok,0,Pharmacy,2018-06-02,Sat,"2018-06-02 21:04:56","2018-06-03 03:00:06",-7.0,5.92,Pharmacy,,,,"Kiosk: PHARMACY",,approved
ysaennok,,Yutchadol,Saennok,0,Pharmacy,2018-06-07,Thu,"2018-06-07 21:04:14","2018-06-08 03:59:55",-7.0,6.93,Pharmacy,,,,"Kiosk: PHARMACY",,approved
ysaennok,,Yutchadol,Saennok,0,Pharmacy,2018-06-09,Sat,"2018-06-09 17:06:51","2018-06-09 23:10:09",-7.0,6.06,Pharmacy,,,,"Kiosk: PHARMACY",,approved
ysaennok,,Yutchadol,Saennok,0,Pharmacy,2018-06-10,Sun,"2018-06-10 00:01:48","2018-06-10 04:01:14",-7.0,3.99,Pharmacy,,,,"Kiosk: PHARMACY",,approved
ysaennok,,Yutchadol,Saennok,0,Pharmacy,2018-06-14,Thu,"2018-06-14 22:00:09","2018-06-15 03:59:13",-7.0,5.98,Pharmacy,,,,"Kiosk: PHARMACY",,approved
ysaennok,,Yutchadol,Saennok,0,Pharmacy,2018-06-16,Sat,"2018-06-16 21:04:34","2018-06-17 03:01:18",-7.0,5.95,Pharmacy,,,,"Kiosk: PHARMACY",,approved
ysaennok,,Yutchadol,Saennok,0,Pharmacy,2018-06-21,Thu,"2018-06-21 18:56:10","2018-06-22 03:00:11",-7.0,8.07,Pharmacy,,,,"Kiosk: PHARMACY",,approved
ysaennok,,Yutchadol,Saennok,0,Pharmacy,2018-06-30,Sat,"2018-06-30 20:49:42","2018-07-01 02:58:17",-7.0,6.14,Pharmacy,,,,"Kiosk: PHARMACY",,unapproved
